Aquifer,Upper,Lower,Upper,Lower,Upper,Lower,Upper,Lower,Upper,Lower,Upper,Lower,Upper,Lower,,,,
Scenario,No SGMA,,Historical lows,,MT (glidepath not below MT),,MT (glidepath 50% below MT),,No pumping (current level),,Injection (rebound @2020-23 rate),,Optimization,,,,,
Date,WL_alt,WL_alt,WL_alt,WL_alt,WL_alt,WL_alt,WL_alt,WL_alt,WL_alt,WL_alt,WL_alt,WL_alt,WL_alt,WL_alt,,,,
2024-03-01 00:00:00,141.5814747,18.402513,141.5814747,18.402513,140.1459596,19.24797895,,,,,157.2727196,22.00654392,,,,,,
2024-04-01 00:00:00,141.2977696,17.65302599,141.2977696,17.65302599,139.5751515,19.34395789,,,,,160.1272635,24.86108784,,,,,,
2024-05-01 00:00:00,141.0140646,16.90353899,141.0140646,16.90353899,139.0043434,19.43993684,,,,,162.9818074,27.71563176,,,,,,
2024-06-01 00:00:00,140.7303595,16.15405198,140.7303595,16.15405198,138.4335354,19.53591579,,,,,165.8363514,30.57017568,,,,,,
2024-07-01 00:00:00,140.4466545,15.40456498,140.4466545,15.40456498,137.8627273,19.63189474,,,,,168.6908953,33.42471959,,,,,,
2024-08-01 00:00:00,140.1629494,14.65507798,140.1629494,14.65507798,137.2919192,19.72787368,,,,,171.5454392,36.27926351,,,,,,
2024-09-01 00:00:00,139.8792443,13.90559097,139.8792443,13.90559097,136.7211111,19.82385263,,,,,174.3999831,39.13380743,,,,,,
2024-10-01 00:00:00,139.5955393,13.15610397,139.5955393,13.15610397,136.150303,19.91983158,,,,,177.254527,41.98835135,,,,,,
2024-11-01 00:00:00,139.3118342,12.40661696,139.3118342,12.40661696,135.5794949,20.01581053,,,,,180.1090709,44.84289527,,,,,,
2024-12-01 00:00:00,139.0281292,11.65712996,139.0281292,11.65712996,135.0086869,20.11178947,,,,,182.9636149,47.69743919,,,,,,
2025-01-01 00:00:00,138.7444241,10.90764295,138.7444241,10.90764295,134.4378788,20.20776842,,,,,185.8181588,50.55198311,,,,,,
2025-02-01 00:00:00,138.460719,10.15815595,138.460719,10.15815595,133.8670707,20.30374737,,,,,188.6727027,53.40652703,,,,,,
2025-03-01 00:00:00,138.177014,9.408668947,138.177014,9.408668947,133.2962626,20.39972632,,,,,191.5272466,56.26107095,,,,,,
2025-04-01 00:00:00,137.8933089,8.659181943,137.8933089,8.659181943,132.7254545,20.49570526,,,,,194.3817905,59.11561486,,,,,,
2025-05-01 00:00:00,137.6096039,7.909694938,137.6096039,7.909694938,132.1546465,20.59168421,,,,,197.2363345,61.97015878,,,,,,
2025-06-01 00:00:00,137.3258988,7.160207934,137.3258988,7.160207934,131.5838384,20.68766316,,,,,200.0908784,64.8247027,,,,,,
2025-07-01 00:00:00,137.0421937,6.41072093,137.0421937,6.41072093,131.0130303,20.78364211,,,,,202.9454223,67.67924662,,,,,,
2025-08-01 00:00:00,136.7584887,5.661233926,136.7584887,5.661233926,130.4422222,20.87962105,,,,,205.7999662,70.53379054,,,,,,
2025-09-01 00:00:00,136.4747836,4.911746922,136.4747836,4.911746922,129.8714141,20.9756,,,,,208.6545101,73.38833446,,,,,,
2025-10-01 00:00:00,136.1910786,4.162259918,136.1910786,4.162259918,129.3006061,21.07157895,,,,,211.5090541,76.24287838,,,,,,
2025-11-01 00:00:00,135.9073735,3.412772914,135.9073735,3.412772914,128.729798,21.16755789,,,,,214.363598,79.0974223,,,,,,
2025-12-01 00:00:00,135.6236684,2.66328591,135.6236684,2.66328591,128.1589899,21.26353684,,,,,217.2181419,81.95196622,,,,,,
2026-01-01 00:00:00,135.3399634,1.913798906,135.3399634,1.913798906,127.5881818,21.35951579,,,,,220.0726858,84.80651014,,,,,,
2026-02-01 00:00:00,135.0562583,1.164311902,135.0562583,1.164311902,127.0173737,21.45549474,,,,,220.67,87.66105405,,,,,,
2026-03-01 00:00:00,134.7725533,0.414824897,134.7725533,0.414824897,126.4465657,21.55147368,,,,,220.67,90.51559797,,,,,,
2026-04-01 00:00:00,134.4888482,-0.334662107,134.4888482,-0.334662107,125.8757576,21.64745263,,,,,220.67,93.37014189,,,,,,
2026-05-01 00:00:00,134.2051431,-1.084149111,134.2051431,-1.084149111,125.3049495,21.74343158,,,,,220.67,96.22468581,,,,,,
2026-06-01 00:00:00,133.9214381,-1.833636115,133.9214381,-1.833636115,124.7341414,21.83941053,,,,,220.67,99.07922973,,,,,,
2026-07-01 00:00:00,133.637733,-2.583123119,133.637733,-2.583123119,124.1633333,21.93538947,,,,,220.67,101.9337736,,,,,,
2026-08-01 00:00:00,133.354028,-3.332610123,133.354028,-3.332610123,123.5925253,22.03136842,,,,,220.67,104.7883176,,,,,,
2026-09-01 00:00:00,133.0703229,-4.082097127,133.0703229,-4.082097127,123.0217172,22.12734737,,,,,220.67,107.6428615,,,,,,
2026-10-01 00:00:00,132.7866178,-4.831584131,132.7866178,-4.831584131,122.4509091,22.22332632,,,,,220.67,110.4974054,,,,,,
2026-11-01 00:00:00,132.5029128,-5.581071135,132.5029128,-5.581071135,121.880101,22.31930526,,,,,220.67,113.3519493,,,,,,
2026-12-01 00:00:00,132.2192077,-6.33055814,132.2192077,-6.33055814,121.3092929,22.41528421,,,,,220.67,116.2064932,,,,,,
2027-01-01 00:00:00,131.9355027,-7.080045144,131.9355027,-6.838666667,120.7384848,22.51126316,,,,,220.67,119.0610372,,,,,,
2027-02-01 00:00:00,131.6517976,-7.829532148,131.6517976,-6.838666667,120.1676768,22.60724211,,,,,220.67,121.9155811,,,,,,
2027-03-01 00:00:00,131.3680925,-8.579019152,131.3680925,-6.838666667,119.5968687,22.70322105,,,,,220.67,124.770125,,,,,,
2027-04-01 00:00:00,131.0843875,-9.328506156,131.0843875,-6.838666667,119.0260606,22.7992,,,,,220.67,127.6246689,,,,,,
2027-05-01 00:00:00,130.8006824,-10.07799316,130.8006824,-6.838666667,118.4552525,22.89517895,,,,,220.67,130.4792128,,,,,,
2027-06-01 00:00:00,130.5169774,-10.82748016,130.5169774,-6.838666667,117.8844444,22.99115789,,,,,220.67,133.3337568,,,,,,
2027-07-01 00:00:00,130.2332723,-11.57696717,130.2332723,-6.838666667,117.3136364,23.08713684,,,,,220.67,136.1883007,,,,,,
2027-08-01 00:00:00,129.9495672,-12.32645417,129.9495672,-6.838666667,116.7428283,23.18311579,,,,,220.67,139.0428446,,,,,,
2027-09-01 00:00:00,129.6658622,-13.07594118,129.6658622,-6.838666667,116.1720202,23.27909474,,,,,220.67,141.8973885,,,,,,
2027-10-01 00:00:00,129.3821571,-13.82542818,129.3821571,-6.838666667,115.6012121,23.37507368,,,,,220.67,144.7519324,,,,,,
2027-11-01 00:00:00,129.0984521,-14.57491518,129.0984521,-6.838666667,115.030404,23.47105263,,,,,220.67,147.6064764,,,,,,
2027-12-01 00:00:00,128.814747,-15.32440219,128.814747,-6.838666667,114.459596,23.56703158,,,,,220.67,150.4610203,,,,,,
2028-01-01 00:00:00,128.5310419,-16.07388919,128.5310419,-6.838666667,113.8887879,23.66301053,,,,,220.67,153.3155642,,,,,,
2028-02-01 00:00:00,128.2473369,-16.8233762,128.2473369,-6.838666667,113.3179798,23.75898947,,,,,220.67,156.1701081,,,,,,
2028-03-01 00:00:00,127.9636318,-17.5728632,127.9636318,-6.838666667,112.7471717,23.85496842,,,,,220.67,159.024652,,,,,,
2028-04-01 00:00:00,127.6799268,-18.32235021,127.6799268,-6.838666667,112.1763636,23.95094737,,,,,220.67,161.8791959,,,,,,
2028-05-01 00:00:00,127.3962217,-19.07183721,127.3962217,-6.838666667,111.6055556,24.04692632,,,,,220.67,164.7337399,,,,,,
2028-06-01 00:00:00,127.1125166,-19.82132421,127.1125166,-6.838666667,111.0347475,24.14290526,,,,,220.67,167.5882838,,,,,,
2028-07-01 00:00:00,126.8288116,-20.57081122,126.8288116,-6.838666667,110.4639394,24.23888421,,,,,220.67,170.4428277,,,,,,
2028-08-01 00:00:00,126.5451065,-21.32029822,126.5451065,-6.838666667,109.8931313,24.33486316,,,,,220.67,173.2973716,,,,,,
2028-09-01 00:00:00,126.2614015,-22.06978523,126.2614015,-6.838666667,109.3223232,24.43084211,,,,,220.67,176.1519155,,,,,,
2028-10-01 00:00:00,125.9776964,-22.81927223,125.9776964,-6.838666667,108.7515152,24.52682105,,,,,220.67,179.0064595,,,,,,
2028-11-01 00:00:00,125.6939913,-23.56875923,125.6939913,-6.838666667,108.1807071,24.6228,,,,,220.67,181.8610034,,,,,,
2028-12-01 00:00:00,125.4102863,-24.31824624,125.4102863,-6.838666667,107.609899,24.71877895,,,,,220.67,184.7155473,,,,,,
2029-01-01 00:00:00,125.1265812,-25.06773324,125.1265812,-6.838666667,107.0390909,24.81475789,,,,,220.67,187.5700912,,,,,,
2029-02-01 00:00:00,124.8428762,-25.81722025,124.8428762,-6.838666667,106.4682828,24.91073684,,,,,220.67,190.4246351,,,,,,
2029-03-01 00:00:00,124.5591711,-26.56670725,124.5591711,-6.838666667,105.8974747,25.00671579,,,,,220.67,193.2791791,,,,,,
2029-04-01 00:00:00,124.275466,-27.31619425,124.275466,-6.838666667,105.3266667,25.10269474,,,,,220.67,194.1366667,,,,,,
2029-05-01 00:00:00,123.991761,-28.06568126,123.991761,-6.838666667,104.7558586,25.19867368,,,,,220.67,194.1366667,,,,,,
2029-06-01 00:00:00,123.7080559,-28.81516826,123.7080559,-6.838666667,104.1850505,25.29465263,,,,,220.67,194.1366667,,,,,,
2029-07-01 00:00:00,123.4243509,-29.56465527,123.4243509,-6.838666667,103.6142424,25.39063158,,,,,220.67,194.1366667,,,,,,
2029-08-01 00:00:00,123.1406458,-30.31414227,123.1406458,-6.838666667,103.0434343,25.48661053,,,,,220.67,194.1366667,,,,,,
2029-09-01 00:00:00,122.8569407,-31.06362927,122.8569407,-6.838666667,102.4726263,25.58258947,,,,,220.67,194.1366667,,,,,,
2029-10-01 00:00:00,122.5732357,-31.81311628,122.5732357,-6.838666667,101.9018182,25.67856842,,,,,220.67,194.1366667,,,,,,
2029-11-01 00:00:00,122.2895306,-32.56260328,122.2895306,-6.838666667,101.3310101,25.77454737,,,,,220.67,194.1366667,,,,,,
2029-12-01 00:00:00,122.0058256,-33.31209029,122.0058256,-6.838666667,100.760202,25.87052632,,,,,220.67,194.1366667,,,,,,
2030-01-01 00:00:00,121.7221205,-34.06157729,121.7221205,-6.838666667,100.1893939,25.96650526,,,,,220.67,194.1366667,,,,,,
2030-02-01 00:00:00,121.4384154,-34.8110643,121.4384154,-6.838666667,99.61858586,26.06248421,,,,,220.67,194.1366667,,,,,,
2030-03-01 00:00:00,121.1547104,-35.5605513,121.1547104,-6.838666667,99.04777778,26.15846316,,,,,220.67,194.1366667,,,,,,
2030-04-01 00:00:00,120.8710053,-36.3100383,120.8710053,-6.838666667,98.4769697,26.25444211,,,,,220.67,194.1366667,,,,,,
2030-05-01 00:00:00,120.5873003,-37.05952531,120.5873003,-6.838666667,97.90616162,26.35042105,,,,,220.67,194.1366667,,,,,,
2030-06-01 00:00:00,120.3035952,-37.80901231,120.3035952,-6.838666667,97.33535354,26.4464,,,,,220.67,194.1366667,,,,,,
2030-07-01 00:00:00,120.0198901,-38.55849932,120.0198901,-6.838666667,96.76454545,26.54237895,,,,,220.67,194.1366667,,,,,,
2030-08-01 00:00:00,119.7361851,-39.30798632,119.7361851,-6.838666667,96.19373737,26.63835789,,,,,220.67,194.1366667,,,,,,
2030-09-01 00:00:00,119.45248,-40.05747332,119.45248,-6.838666667,95.62292929,26.73433684,,,,,220.67,194.1366667,,,,,,
2030-10-01 00:00:00,119.168775,-40.80696033,119.168775,-6.838666667,95.05212121,26.83031579,,,,,220.67,194.1366667,,,,,,
2030-11-01 00:00:00,118.8850699,-41.55644733,118.8850699,-6.838666667,94.48131313,26.92629474,,,,,220.67,194.1366667,,,,,,
2030-12-01 00:00:00,118.6013648,-42.30593434,118.6013648,-6.838666667,93.91050505,27.02227368,,,,,220.67,194.1366667,,,,,,
2031-01-01 00:00:00,118.3176598,-43.05542134,118.3176598,-6.838666667,93.33969697,27.11825263,,,,,220.67,194.1366667,,,,,,
2031-02-01 00:00:00,118.0339547,-43.80490834,118.0339547,-6.838666667,92.76888889,27.21423158,,,,,220.67,194.1366667,,,,,,
2031-03-01 00:00:00,117.7502497,-44.55439535,117.7502497,-6.838666667,92.19808081,27.31021053,,,,,220.67,194.1366667,,,,,,
2031-04-01 00:00:00,117.4665446,-45.30388235,117.4665446,-6.838666667,91.62727273,27.40618947,,,,,220.67,194.1366667,,,,,,
2031-05-01 00:00:00,117.1828395,-46.05336936,117.1828395,-6.838666667,91.05646465,27.50216842,,,,,220.67,194.1366667,,,,,,
2031-06-01 00:00:00,116.8991345,-46.80285636,116.8991345,-6.838666667,90.48565657,27.59814737,,,,,220.67,194.1366667,,,,,,
2031-07-01 00:00:00,116.6154294,-47.55234337,116.6154294,-6.838666667,89.91484848,27.69412632,,,,,220.67,194.1366667,,,,,,
2031-08-01 00:00:00,116.3317244,-48.30183037,116.3317244,-6.838666667,89.3440404,27.79010526,,,,,220.67,194.1366667,,,,,,
2031-09-01 00:00:00,116.0480193,-49.05131737,116.0480193,-6.838666667,88.77323232,27.88608421,,,,,220.67,194.1366667,,,,,,
2031-10-01 00:00:00,115.7643142,-49.80080438,115.7643142,-6.838666667,88.20242424,27.98206316,,,,,220.67,194.1366667,,,,,,
2031-11-01 00:00:00,115.4806092,-50.55029138,115.4806092,-6.838666667,87.63161616,28.07804211,,,,,220.67,194.1366667,,,,,,
2031-12-01 00:00:00,115.1969041,-51.29977839,115.1969041,-6.838666667,87.06080808,28.17402105,,,,,220.67,194.1366667,,,,,,
2032-01-01 00:00:00,114.9131991,-52.04926539,114.9131991,-6.838666667,86.49,28.27,,,,,220.67,194.1366667,,,,,,
2032-02-01 00:00:00,114.629494,-52.79875239,114.629494,-6.838666667,86.49,28.27,,,,,220.67,194.1366667,,,,,,
2032-03-01 00:00:00,114.3457889,-53.5482394,114.3457889,-6.838666667,86.49,28.27,,,,,220.67,194.1366667,,,,,,
2032-04-01 00:00:00,114.0620839,-54.2977264,114.0620839,-6.838666667,86.49,28.27,,,,,220.67,194.1366667,,,,,,
2032-05-01 00:00:00,113.7783788,-55.04721341,113.7783788,-6.838666667,86.49,28.27,,,,,220.67,194.1366667,,,,,,
2032-06-01 00:00:00,113.4946738,-55.79670041,113.4946738,-6.838666667,86.49,28.27,,,,,220.67,194.1366667,,,,,,
2032-07-01 00:00:00,113.2109687,-56.54618741,113.2109687,-6.838666667,86.49,28.27,,,,,220.67,194.1366667,,,,,,
2032-08-01 00:00:00,112.9272636,-57.29567442,112.9272636,-6.838666667,86.49,28.27,,,,,220.67,194.1366667,,,,,,
2032-09-01 00:00:00,112.6435586,-58.04516142,112.6435586,-6.838666667,86.49,28.27,,,,,220.67,194.1366667,,,,,,
2032-10-01 00:00:00,112.3598535,-58.79464843,112.3598535,-6.838666667,86.49,28.27,,,,,220.67,194.1366667,,,,,,
2032-11-01 00:00:00,112.0761485,-59.54413543,112.0761485,-6.838666667,86.49,28.27,,,,,220.67,194.1366667,,,,,,
2032-12-01 00:00:00,111.7924434,-60.29362244,111.7924434,-6.838666667,86.49,28.27,,,,,220.67,194.1366667,,,,,,
2033-01-01 00:00:00,111.5087383,-61.04310944,111.5087383,-6.838666667,86.49,28.27,,,,,220.67,194.1366667,,,,,,
2033-02-01 00:00:00,111.2250333,-61.79259644,111.2250333,-6.838666667,86.49,28.27,,,,,220.67,194.1366667,,,,,,
2033-03-01 00:00:00,110.9413282,-62.54208345,110.9413282,-6.838666667,86.49,28.27,,,,,220.67,194.1366667,,,,,,
2033-04-01 00:00:00,110.6576232,-63.29157045,110.6576232,-6.838666667,86.49,28.27,,,,,220.67,194.1366667,,,,,,
2033-05-01 00:00:00,110.3739181,-64.04105746,110.3739181,-6.838666667,86.49,28.27,,,,,220.67,194.1366667,,,,,,
2033-06-01 00:00:00,110.090213,-64.79054446,110.090213,-6.838666667,86.49,28.27,,,,,220.67,194.1366667,,,,,,
2033-07-01 00:00:00,109.806508,-65.54003146,109.806508,-6.838666667,86.49,28.27,,,,,220.67,194.1366667,,,,,,
2033-08-01 00:00:00,109.5228029,-66.28951847,109.5228029,-6.838666667,86.49,28.27,,,,,220.67,194.1366667,,,,,,
2033-09-01 00:00:00,109.2390979,-67.03900547,109.2390979,-6.838666667,86.49,28.27,,,,,220.67,194.1366667,,,,,,
2033-10-01 00:00:00,108.9553928,-67.78849248,108.9553928,-6.838666667,86.49,28.27,,,,,220.67,194.1366667,,,,,,
2033-11-01 00:00:00,108.6716877,-68.53797948,108.6716877,-6.838666667,86.49,28.27,,,,,220.67,194.1366667,,,,,,
2033-12-01 00:00:00,108.3879827,-69.28746648,108.3879827,-6.838666667,86.49,28.27,,,,,220.67,194.1366667,,,,,,
2034-01-01 00:00:00,108.1042776,-70.03695349,108.1042776,-6.838666667,86.49,28.27,,,,,220.67,194.1366667,,,,,,
2034-02-01 00:00:00,107.8205726,-70.78644049,107.89,-6.838666667,86.49,28.27,,,,,220.67,194.1366667,,,,,,
2034-03-01 00:00:00,107.5368675,-71.5359275,107.89,-6.838666667,86.49,28.27,,,,,220.67,194.1366667,,,,,,
2034-04-01 00:00:00,107.2531625,-72.2854145,107.89,-6.838666667,86.49,28.27,,,,,220.67,194.1366667,,,,,,
2034-05-01 00:00:00,106.9694574,-73.0349015,107.89,-6.838666667,86.49,28.27,,,,,220.67,194.1366667,,,,,,
2034-06-01 00:00:00,106.6857523,-73.78438851,107.89,-6.838666667,86.49,28.27,,,,,220.67,194.1366667,,,,,,
2034-07-01 00:00:00,106.4020473,-74.53387551,107.89,-6.838666667,86.49,28.27,,,,,220.67,194.1366667,,,,,,
2034-08-01 00:00:00,106.1183422,-75.28336252,107.89,-6.838666667,86.49,28.27,,,,,220.67,194.1366667,,,,,,
2034-09-01 00:00:00,105.8346372,-76.03284952,107.89,-6.838666667,86.49,28.27,,,,,220.67,194.1366667,,,,,,
2034-10-01 00:00:00,105.5509321,-76.78233653,107.89,-6.838666667,86.49,28.27,,,,,220.67,194.1366667,,,,,,
2034-11-01 00:00:00,105.267227,-77.53182353,107.89,-6.838666667,86.49,28.27,,,,,220.67,194.1366667,,,,,,
2034-12-01 00:00:00,104.983522,-78.28131053,107.89,-6.838666667,86.49,28.27,,,,,220.67,194.1366667,,,,,,
2035-01-01 00:00:00,104.6998169,-79.03079754,107.89,-6.838666667,86.49,28.27,,,,,220.67,194.1366667,,,,,,
2035-02-01 00:00:00,104.4161119,-79.78028454,107.89,-6.838666667,86.49,28.27,,,,,220.67,194.1366667,,,,,,
2035-03-01 00:00:00,104.1324068,-80.52977155,107.89,-6.838666667,86.49,28.27,,,,,220.67,194.1366667,,,,,,
2035-04-01 00:00:00,103.8487017,-81.27925855,107.89,-6.838666667,86.49,28.27,,,,,220.67,194.1366667,,,,,,
2035-05-01 00:00:00,103.5649967,-82.02874555,107.89,-6.838666667,86.49,28.27,,,,,220.67,194.1366667,,,,,,
2035-06-01 00:00:00,103.2812916,-82.77823256,107.89,-6.838666667,86.49,28.27,,,,,220.67,194.1366667,,,,,,
2035-07-01 00:00:00,102.9975866,-83.52771956,107.89,-6.838666667,86.49,28.27,,,,,220.67,194.1366667,,,,,,
2035-08-01 00:00:00,102.7138815,-84.27720657,107.89,-6.838666667,86.49,28.27,,,,,220.67,194.1366667,,,,,,
2035-09-01 00:00:00,102.4301764,-85.02669357,107.89,-6.838666667,86.49,28.27,,,,,220.67,194.1366667,,,,,,
2035-10-01 00:00:00,102.1464714,-85.77618057,107.89,-6.838666667,86.49,28.27,,,,,220.67,194.1366667,,,,,,
2035-11-01 00:00:00,101.8627663,-86.52566758,107.89,-6.838666667,86.49,28.27,,,,,220.67,194.1366667,,,,,,
2035-12-01 00:00:00,101.5790613,-87.27515458,107.89,-6.838666667,86.49,28.27,,,,,220.67,194.1366667,,,,,,
2036-01-01 00:00:00,101.2953562,-88.02464159,107.89,-6.838666667,86.49,28.27,,,,,220.67,194.1366667,,,,,,
2036-02-01 00:00:00,101.0116511,-88.77412859,107.89,-6.838666667,86.49,28.27,,,,,220.67,194.1366667,,,,,,
2036-03-01 00:00:00,100.7279461,-89.5236156,107.89,-6.838666667,86.49,28.27,,,,,220.67,194.1366667,,,,,,
2036-04-01 00:00:00,100.444241,-90.2731026,107.89,-6.838666667,86.49,28.27,,,,,220.67,194.1366667,,,,,,
2036-05-01 00:00:00,100.160536,-91.0225896,107.89,-6.838666667,86.49,28.27,,,,,220.67,194.1366667,,,,,,
2036-06-01 00:00:00,99.87683089,-91.77207661,107.89,-6.838666667,86.49,28.27,,,,,220.67,194.1366667,,,,,,
2036-07-01 00:00:00,99.59312583,-92.52156361,107.89,-6.838666667,86.49,28.27,,,,,220.67,194.1366667,,,,,,
2036-08-01 00:00:00,99.30942077,-93.27105062,107.89,-6.838666667,86.49,28.27,,,,,220.67,194.1366667,,,,,,
2036-09-01 00:00:00,99.02571571,-94.02053762,107.89,-6.838666667,86.49,28.27,,,,,220.67,194.1366667,,,,,,
2036-10-01 00:00:00,98.74201065,-94.77002462,107.89,-6.838666667,86.49,28.27,,,,,220.67,194.1366667,,,,,,
2036-11-01 00:00:00,98.45830559,-95.51951163,107.89,-6.838666667,86.49,28.27,,,,,220.67,194.1366667,,,,,,
2036-12-01 00:00:00,98.17460053,-96.26899863,107.89,-6.838666667,86.49,28.27,,,,,220.67,194.1366667,,,,,,
2037-01-01 00:00:00,97.89089547,-97.01848564,107.89,-6.838666667,86.49,28.27,,,,,220.67,194.1366667,,,,,,
2037-02-01 00:00:00,97.60719041,-97.76797264,107.89,-6.838666667,86.49,28.27,,,,,220.67,194.1366667,,,,,,
2037-03-01 00:00:00,97.32348535,-98.51745964,107.89,-6.838666667,86.49,28.27,,,,,220.67,194.1366667,,,,,,
2037-04-01 00:00:00,97.03978029,-99.26694665,107.89,-6.838666667,86.49,28.27,,,,,220.67,194.1366667,,,,,,
2037-05-01 00:00:00,96.75607523,-100.0164337,107.89,-6.838666667,86.49,28.27,,,,,220.67,194.1366667,,,,,,
2037-06-01 00:00:00,96.47237017,-100.7659207,107.89,-6.838666667,86.49,28.27,,,,,220.67,194.1366667,,,,,,
2037-07-01 00:00:00,96.18866511,-101.5154077,107.89,-6.838666667,86.49,28.27,,,,,220.67,194.1366667,,,,,,
2037-08-01 00:00:00,95.90496005,-102.2648947,107.89,-6.838666667,86.49,28.27,,,,,220.67,194.1366667,,,,,,
2037-09-01 00:00:00,95.62125499,-103.0143817,107.89,-6.838666667,86.49,28.27,,,,,220.67,194.1366667,,,,,,
2037-10-01 00:00:00,95.33754993,-103.7638687,107.89,-6.838666667,86.49,28.27,,,,,220.67,194.1366667,,,,,,
2037-11-01 00:00:00,95.05384487,-104.5133557,107.89,-6.838666667,86.49,28.27,,,,,220.67,194.1366667,,,,,,
2037-12-01 00:00:00,94.77013981,-105.2628427,107.89,-6.838666667,86.49,28.27,,,,,220.67,194.1366667,,,,,,
2038-01-01 00:00:00,94.48643475,-106.0123297,107.89,-6.838666667,86.49,28.27,,,,,220.67,194.1366667,,,,,,
2038-02-01 00:00:00,94.20272969,-106.7618167,107.89,-6.838666667,86.49,28.27,,,,,220.67,194.1366667,,,,,,
2038-03-01 00:00:00,93.91902463,-107.5113037,107.89,-6.838666667,86.49,28.27,,,,,220.67,194.1366667,,,,,,
2038-04-01 00:00:00,93.63531957,-108.2607907,107.89,-6.838666667,86.49,28.27,,,,,220.67,194.1366667,,,,,,
2038-05-01 00:00:00,93.35161451,-109.0102777,107.89,-6.838666667,86.49,28.27,,,,,220.67,194.1366667,,,,,,
2038-06-01 00:00:00,93.06790945,-109.7597647,107.89,-6.838666667,86.49,28.27,,,,,220.67,194.1366667,,,,,,
2038-07-01 00:00:00,92.78420439,-110.5092517,107.89,-6.838666667,86.49,28.27,,,,,220.67,194.1366667,,,,,,
2038-08-01 00:00:00,92.50049933,-111.2587387,107.89,-6.838666667,86.49,28.27,,,,,220.67,194.1366667,,,,,,
2038-09-01 00:00:00,92.21679427,-112.0082257,107.89,-6.838666667,86.49,28.27,,,,,220.67,194.1366667,,,,,,
2038-10-01 00:00:00,91.93308921,-112.7577127,107.89,-6.838666667,86.49,28.27,,,,,220.67,194.1366667,,,,,,
2038-11-01 00:00:00,91.64938415,-113.5071997,107.89,-6.838666667,86.49,28.27,,,,,220.67,194.1366667,,,,,,
2038-12-01 00:00:00,91.36567909,-114.2566867,107.89,-6.838666667,86.49,28.27,,,,,220.67,194.1366667,,,,,,
2039-01-01 00:00:00,91.08197403,-115.0061737,107.89,-6.838666667,86.49,28.27,,,,,220.67,194.1366667,,,,,,
2039-02-01 00:00:00,90.79826897,-115.7556607,107.89,-6.838666667,86.49,28.27,,,,,220.67,194.1366667,,,,,,
2039-03-01 00:00:00,90.51456391,-116.5051477,107.89,-6.838666667,86.49,28.27,,,,,220.67,194.1366667,,,,,,
2039-04-01 00:00:00,90.23085885,-117.2546347,107.89,-6.838666667,86.49,28.27,,,,,220.67,194.1366667,,,,,,
2039-05-01 00:00:00,89.94715379,-118.0041218,107.89,-6.838666667,86.49,28.27,,,,,220.67,194.1366667,,,,,,
2039-06-01 00:00:00,89.66344874,-118.7536088,107.89,-6.838666667,86.49,28.27,,,,,220.67,194.1366667,,,,,,
2039-07-01 00:00:00,89.37974368,-119.5030958,107.89,-6.838666667,86.49,28.27,,,,,220.67,194.1366667,,,,,,
2039-08-01 00:00:00,89.09603862,-120.2525828,107.89,-6.838666667,86.49,28.27,,,,,220.67,194.1366667,,,,,,
2039-09-01 00:00:00,88.81233356,-121.0020698,107.89,-6.838666667,86.49,28.27,,,,,220.67,194.1366667,,,,,,
2039-10-01 00:00:00,88.5286285,-121.7515568,107.89,-6.838666667,86.49,28.27,,,,,220.67,194.1366667,,,,,,
2039-11-01 00:00:00,88.24492344,-122.5010438,107.89,-6.838666667,86.49,28.27,,,,,220.67,194.1366667,,,,,,
2039-12-01 00:00:00,87.96121838,-123.2505308,107.89,-6.838666667,86.49,28.27,,,,,220.67,194.1366667,,,,,,
2040-01-01 00:00:00,87.67751332,-124.0000178,107.89,-6.838666667,86.49,28.27,,,,,220.67,194.1366667,,,,,,
2040-02-01 00:00:00,87.39380826,-124.7495048,107.89,-6.838666667,86.49,28.27,,,,,220.67,194.1366667,,,,,,
2040-03-01 00:00:00,87.1101032,-125.4989918,107.89,-6.838666667,86.49,28.27,,,,,220.67,194.1366667,,,,,,
2040-04-01 00:00:00,86.82639814,-126.2484788,107.89,-6.838666667,86.49,28.27,,,,,220.67,194.1366667,,,,,,
2040-05-01 00:00:00,86.54269308,-126.9979658,107.89,-6.838666667,86.49,28.27,,,,,220.67,194.1366667,,,,,,
2040-06-01 00:00:00,86.25898802,-127.7474528,107.89,-6.838666667,86.49,28.27,,,,,220.67,194.1366667,,,,,,
2040-07-01 00:00:00,85.97528296,-128.4969398,107.89,-6.838666667,86.49,28.27,,,,,220.67,194.1366667,,,,,,
2040-08-01 00:00:00,85.6915779,-129.2464268,107.89,-6.838666667,86.49,28.27,,,,,220.67,194.1366667,,,,,,
2040-09-01 00:00:00,85.40787284,-129.9959138,107.89,-6.838666667,86.49,28.27,,,,,220.67,194.1366667,,,,,,
2040-10-01 00:00:00,85.12416778,-130.7454008,107.89,-6.838666667,86.49,28.27,,,,,220.67,194.1366667,,,,,,
2040-11-01 00:00:00,84.84046272,-131.4948878,107.89,-6.838666667,86.49,28.27,,,,,220.67,194.1366667,,,,,,
2040-12-01 00:00:00,84.55675766,-132.2443748,107.89,-6.838666667,86.49,28.27,,,,,220.67,194.1366667,,,,,,
2041-01-01 00:00:00,84.2730526,-132.9938618,107.89,-6.838666667,86.49,28.27,,,,,220.67,194.1366667,,,,,,
2041-02-01 00:00:00,83.98934754,-133.7433488,107.89,-6.838666667,86.49,28.27,,,,,220.67,194.1366667,,,,,,
2041-03-01 00:00:00,83.70564248,-134.4928358,107.89,-6.838666667,86.49,28.27,,,,,220.67,194.1366667,,,,,,
2041-04-01 00:00:00,83.42193742,-135.2423228,107.89,-6.838666667,86.49,28.27,,,,,220.67,194.1366667,,,,,,
2041-05-01 00:00:00,83.13823236,-135.9918098,107.89,-6.838666667,86.49,28.27,,,,,220.67,194.1366667,,,,,,
2041-06-01 00:00:00,82.8545273,-136.7412969,107.89,-6.838666667,86.49,28.27,,,,,220.67,194.1366667,,,,,,
2041-07-01 00:00:00,82.57082224,-137.4907839,107.89,-6.838666667,86.49,28.27,,,,,220.67,194.1366667,,,,,,
2041-08-01 00:00:00,82.28711718,-138.2402709,107.89,-6.838666667,86.49,28.27,,,,,220.67,194.1366667,,,,,,
2041-09-01 00:00:00,82.00341212,-138.9897579,107.89,-6.838666667,86.49,28.27,,,,,220.67,194.1366667,,,,,,
2041-10-01 00:00:00,81.71970706,-139.7392449,107.89,-6.838666667,86.49,28.27,,,,,220.67,194.1366667,,,,,,
2041-11-01 00:00:00,81.436002,-140.4887319,107.89,-6.838666667,86.49,28.27,,,,,220.67,194.1366667,,,,,,
2041-12-01 00:00:00,81.15229694,-141.2382189,107.89,-6.838666667,86.49,28.27,,,,,220.67,194.1366667,,,,,,
2042-01-01 00:00:00,80.86859188,-141.9877059,107.89,-6.838666667,86.49,28.27,,,,,220.67,194.1366667,,,,,,
2042-02-01 00:00:00,80.58488682,-142.7371929,107.89,-6.838666667,86.49,28.27,,,,,220.67,194.1366667,,,,,,
2042-03-01 00:00:00,80.30118176,-143.4866799,107.89,-6.838666667,86.49,28.27,,,,,220.67,194.1366667,,,,,,
2042-04-01 00:00:00,80.0174767,-144.2361669,107.89,-6.838666667,86.49,28.27,,,,,220.67,194.1366667,,,,,,
2042-05-01 00:00:00,79.73377164,-144.9856539,107.89,-6.838666667,86.49,28.27,,,,,220.67,194.1366667,,,,,,
2042-06-01 00:00:00,79.45006658,-145.7351409,107.89,-6.838666667,86.49,28.27,,,,,220.67,194.1366667,,,,,,
2042-07-01 00:00:00,79.16636152,-146.4846279,107.89,-6.838666667,86.49,28.27,,,,,220.67,194.1366667,,,,,,
2042-08-01 00:00:00,78.88265646,-147.2341149,107.89,-6.838666667,86.49,28.27,,,,,220.67,194.1366667,,,,,,
2042-09-01 00:00:00,78.5989514,-147.9836019,107.89,-6.838666667,86.49,28.27,,,,,220.67,194.1366667,,,,,,
2042-10-01 00:00:00,78.31524634,-148.7330889,107.89,-6.838666667,86.49,28.27,,,,,220.67,194.1366667,,,,,,
2042-11-01 00:00:00,78.03154128,-149.4825759,107.89,-6.838666667,86.49,28.27,,,,,220.67,194.1366667,,,,,,
2042-12-01 00:00:00,77.74783622,-150.2320629,107.89,-6.838666667,86.49,28.27,,,,,220.67,194.1366667,,,,,,
2043-01-01 00:00:00,77.46413116,-150.9815499,107.89,-6.838666667,86.49,28.27,,,,,220.67,194.1366667,,,,,,
2043-02-01 00:00:00,77.1804261,-151.7310369,107.89,-6.838666667,86.49,28.27,,,,,220.67,194.1366667,,,,,,
2043-03-01 00:00:00,76.89672104,-152.4805239,107.89,-6.838666667,86.49,28.27,,,,,220.67,194.1366667,,,,,,
2043-04-01 00:00:00,76.61301598,-153.2300109,107.89,-6.838666667,86.49,28.27,,,,,220.67,194.1366667,,,,,,
2043-05-01 00:00:00,76.32931092,-153.9794979,107.89,-6.838666667,86.49,28.27,,,,,220.67,194.1366667,,,,,,
2043-06-01 00:00:00,76.04560586,-154.728985,107.89,-6.838666667,86.49,28.27,,,,,220.67,194.1366667,,,,,,
2043-07-01 00:00:00,75.7619008,-155.478472,107.89,-6.838666667,86.49,28.27,,,,,220.67,194.1366667,,,,,,
2043-08-01 00:00:00,75.47819574,-156.227959,107.89,-6.838666667,86.49,28.27,,,,,220.67,194.1366667,,,,,,
2043-09-01 00:00:00,75.19449068,-156.977446,107.89,-6.838666667,86.49,28.27,,,,,220.67,194.1366667,,,,,,
2043-10-01 00:00:00,74.91078562,-157.726933,107.89,-6.838666667,86.49,28.27,,,,,220.67,194.1366667,,,,,,
2043-11-01 00:00:00,74.62708056,-158.47642,107.89,-6.838666667,86.49,28.27,,,,,220.67,194.1366667,,,,,,
2043-12-01 00:00:00,74.3433755,-159.225907,107.89,-6.838666667,86.49,28.27,,,,,220.67,194.1366667,,,,,,
2044-01-01 00:00:00,74.05967044,-159.975394,107.89,-6.838666667,86.49,28.27,,,,,220.67,194.1366667,,,,,,
2044-02-01 00:00:00,73.77596538,-160.724881,107.89,-6.838666667,86.49,28.27,,,,,220.67,194.1366667,,,,,,
2044-03-01 00:00:00,73.49226032,-161.474368,107.89,-6.838666667,86.49,28.27,,,,,220.67,194.1366667,,,,,,
2044-04-01 00:00:00,73.20855526,-162.223855,107.89,-6.838666667,86.49,28.27,,,,,220.67,194.1366667,,,,,,
2044-05-01 00:00:00,72.9248502,-162.973342,107.89,-6.838666667,86.49,28.27,,,,,220.67,194.1366667,,,,,,
2044-06-01 00:00:00,72.64114514,-163.722829,107.89,-6.838666667,86.49,28.27,,,,,220.67,194.1366667,,,,,,
2044-07-01 00:00:00,72.35744008,-164.472316,107.89,-6.838666667,86.49,28.27,,,,,220.67,194.1366667,,,,,,
2044-08-01 00:00:00,72.07373502,-165.221803,107.89,-6.838666667,86.49,28.27,,,,,220.67,194.1366667,,,,,,
2044-09-01 00:00:00,71.79002996,-165.97129,107.89,-6.838666667,86.49,28.27,,,,,220.67,194.1366667,,,,,,
2044-10-01 00:00:00,71.5063249,-166.720777,107.89,-6.838666667,86.49,28.27,,,,,220.67,194.1366667,,,,,,
2044-11-01 00:00:00,71.22261984,-167.470264,107.89,-6.838666667,86.49,28.27,,,,,220.67,194.1366667,,,,,,
2044-12-01 00:00:00,70.93891478,-168.219751,107.89,-6.838666667,86.49,28.27,,,,,220.67,194.1366667,,,,,,
2045-01-01 00:00:00,70.65520972,-168.969238,107.89,-6.838666667,86.49,28.27,,,,,220.67,194.1366667,,,,,,
2045-02-01 00:00:00,70.37150466,-169.718725,107.89,-6.838666667,86.49,28.27,,,,,220.67,194.1366667,,,,,,
2045-03-01 00:00:00,70.0877996,-170.468212,107.89,-6.838666667,86.49,28.27,,,,,220.67,194.1366667,,,,,,
2045-04-01 00:00:00,69.80409454,-171.217699,107.89,-6.838666667,86.49,28.27,,,,,220.67,194.1366667,,,,,,
2045-05-01 00:00:00,69.52038948,-171.967186,107.89,-6.838666667,86.49,28.27,,,,,220.67,194.1366667,,,,,,
2045-06-01 00:00:00,69.23668442,-172.7166731,107.89,-6.838666667,86.49,28.27,,,,,220.67,194.1366667,,,,,,
2045-07-01 00:00:00,68.95297936,-173.4661601,107.89,-6.838666667,86.49,28.27,,,,,220.67,194.1366667,,,,,,
2045-08-01 00:00:00,68.6692743,-174.2156471,107.89,-6.838666667,86.49,28.27,,,,,220.67,194.1366667,,,,,,
2045-09-01 00:00:00,68.38556924,-174.9651341,107.89,-6.838666667,86.49,28.27,,,,,220.67,194.1366667,,,,,,
2045-10-01 00:00:00,68.10186418,-175.7146211,107.89,-6.838666667,86.49,28.27,,,,,220.67,194.1366667,,,,,,
2045-11-01 00:00:00,67.81815912,-176.4641081,107.89,-6.838666667,86.49,28.27,,,,,220.67,194.1366667,,,,,,
2045-12-01 00:00:00,67.53445406,-177.2135951,107.89,-6.838666667,86.49,28.27,,,,,220.67,194.1366667,,,,,,
2046-01-01 00:00:00,67.250749,-177.9630821,107.89,-6.838666667,86.49,28.27,,,,,220.67,194.1366667,,,,,,
2046-02-01 00:00:00,66.96704394,-178.7125691,107.89,-6.838666667,86.49,28.27,,,,,220.67,194.1366667,,,,,,
2046-03-01 00:00:00,66.68333888,-179.4620561,107.89,-6.838666667,86.49,28.27,,,,,220.67,194.1366667,,,,,,
2046-04-01 00:00:00,66.39963382,-180.2115431,107.89,-6.838666667,86.49,28.27,,,,,220.67,194.1366667,,,,,,
2046-05-01 00:00:00,66.11592876,-180.9610301,107.89,-6.838666667,86.49,28.27,,,,,220.67,194.1366667,,,,,,
2046-06-01 00:00:00,65.8322237,-181.7105171,107.89,-6.838666667,86.49,28.27,,,,,220.67,194.1366667,,,,,,
2046-07-01 00:00:00,65.54851864,-182.4600041,107.89,-6.838666667,86.49,28.27,,,,,220.67,194.1366667,,,,,,
2046-08-01 00:00:00,65.26481358,-183.2094911,107.89,-6.838666667,86.49,28.27,,,,,220.67,194.1366667,,,,,,
2046-09-01 00:00:00,64.98110852,-183.9589781,107.89,-6.838666667,86.49,28.27,,,,,220.67,194.1366667,,,,,,
2046-10-01 00:00:00,64.69740346,-184.7084651,107.89,-6.838666667,86.49,28.27,,,,,220.67,194.1366667,,,,,,
2046-11-01 00:00:00,64.4136984,-185.4579521,107.89,-6.838666667,86.49,28.27,,,,,220.67,194.1366667,,,,,,
2046-12-01 00:00:00,64.12999334,-186.2074391,107.89,-6.838666667,86.49,28.27,,,,,220.67,194.1366667,,,,,,
2047-01-01 00:00:00,63.84628828,-186.9569261,107.89,-6.838666667,86.49,28.27,,,,,220.67,194.1366667,,,,,,
2047-02-01 00:00:00,63.56258322,-187.7064131,107.89,-6.838666667,86.49,28.27,,,,,220.67,194.1366667,,,,,,
2047-03-01 00:00:00,63.27887816,-188.4559001,107.89,-6.838666667,86.49,28.27,,,,,220.67,194.1366667,,,,,,
2047-04-01 00:00:00,62.9951731,-189.2053871,107.89,-6.838666667,86.49,28.27,,,,,220.67,194.1366667,,,,,,
2047-05-01 00:00:00,62.71146804,-189.9548741,107.89,-6.838666667,86.49,28.27,,,,,220.67,194.1366667,,,,,,
2047-06-01 00:00:00,62.42776298,-190.7043611,107.89,-6.838666667,86.49,28.27,,,,,220.67,194.1366667,,,,,,
2047-07-01 00:00:00,62.14405792,-191.4538482,107.89,-6.838666667,86.49,28.27,,,,,220.67,194.1366667,,,,,,
2047-08-01 00:00:00,61.86035286,-192.2033352,107.89,-6.838666667,86.49,28.27,,,,,220.67,194.1366667,,,,,,
2047-09-01 00:00:00,61.5766478,-192.9528222,107.89,-6.838666667,86.49,28.27,,,,,220.67,194.1366667,,,,,,
2047-10-01 00:00:00,61.29294274,-193.7023092,107.89,-6.838666667,86.49,28.27,,,,,220.67,194.1366667,,,,,,
2047-11-01 00:00:00,61.00923768,-194.4517962,107.89,-6.838666667,86.49,28.27,,,,,220.67,194.1366667,,,,,,
2047-12-01 00:00:00,60.72553262,-195.2012832,107.89,-6.838666667,86.49,28.27,,,,,220.67,194.1366667,,,,,,
2048-01-01 00:00:00,60.44182756,-195.9507702,107.89,-6.838666667,86.49,28.27,,,,,220.67,194.1366667,,,,,,
2048-02-01 00:00:00,60.1581225,-196.7002572,107.89,-6.838666667,86.49,28.27,,,,,220.67,194.1366667,,,,,,
2048-03-01 00:00:00,59.87441744,-197.4497442,107.89,-6.838666667,86.49,28.27,,,,,220.67,194.1366667,,,,,,
2048-04-01 00:00:00,59.59071238,-198.1992312,107.89,-6.838666667,86.49,28.27,,,,,220.67,194.1366667,,,,,,
2048-05-01 00:00:00,59.30700732,-198.9487182,107.89,-6.838666667,86.49,28.27,,,,,220.67,194.1366667,,,,,,
2048-06-01 00:00:00,59.02330226,-199.6982052,107.89,-6.838666667,86.49,28.27,,,,,220.67,194.1366667,,,,,,
2048-07-01 00:00:00,58.7395972,-200.4476922,107.89,-6.838666667,86.49,28.27,,,,,220.67,194.1366667,,,,,,
2048-08-01 00:00:00,58.45589214,-201.1971792,107.89,-6.838666667,86.49,28.27,,,,,220.67,194.1366667,,,,,,
2048-09-01 00:00:00,58.17218708,-201.9466662,107.89,-6.838666667,86.49,28.27,,,,,220.67,194.1366667,,,,,,
2048-10-01 00:00:00,57.88848202,-202.6961532,107.89,-6.838666667,86.49,28.27,,,,,220.67,194.1366667,,,,,,
2048-11-01 00:00:00,57.60477696,-203.4456402,107.89,-6.838666667,86.49,28.27,,,,,220.67,194.1366667,,,,,,
2048-12-01 00:00:00,57.3210719,-204.1951272,107.89,-6.838666667,86.49,28.27,,,,,220.67,194.1366667,,,,,,
2049-01-01 00:00:00,57.03736684,-204.9446142,107.89,-6.838666667,86.49,28.27,,,,,220.67,194.1366667,,,,,,
2049-02-01 00:00:00,56.75366178,-205.6941012,107.89,-6.838666667,86.49,28.27,,,,,220.67,194.1366667,,,,,,
2049-03-01 00:00:00,56.46995672,-206.4435882,107.89,-6.838666667,86.49,28.27,,,,,220.67,194.1366667,,,,,,
2049-04-01 00:00:00,56.18625166,-207.1930752,107.89,-6.838666667,86.49,28.27,,,,,220.67,194.1366667,,,,,,
2049-05-01 00:00:00,55.9025466,-207.9425622,107.89,-6.838666667,86.49,28.27,,,,,220.67,194.1366667,,,,,,
2049-06-01 00:00:00,55.61884154,-208.6920492,107.89,-6.838666667,86.49,28.27,,,,,220.67,194.1366667,,,,,,
2049-07-01 00:00:00,55.33513648,-209.4415363,107.89,-6.838666667,86.49,28.27,,,,,220.67,194.1366667,,,,,,
2049-08-01 00:00:00,55.05143142,-210.1910233,107.89,-6.838666667,86.49,28.27,,,,,220.67,194.1366667,,,,,,
2049-09-01 00:00:00,54.76772636,-210.9405103,107.89,-6.838666667,86.49,28.27,,,,,220.67,194.1366667,,,,,,
2049-10-01 00:00:00,54.4840213,-211.6899973,107.89,-6.838666667,86.49,28.27,,,,,220.67,194.1366667,,,,,,
2049-11-01 00:00:00,54.20031625,-212.4394843,107.89,-6.838666667,86.49,28.27,,,,,220.67,194.1366667,,,,,,
2049-12-01 00:00:00,53.91661119,-213.1889713,107.89,-6.838666667,86.49,28.27,,,,,220.67,194.1366667,,,,,,
2050-01-01 00:00:00,53.63290613,-213.9384583,107.89,-6.838666667,86.49,28.27,,,,,220.67,194.1366667,,,,,,
2050-02-01 00:00:00,53.34920107,-214.6879453,107.89,-6.838666667,86.49,28.27,,,,,220.67,194.1366667,,,,,,
2050-03-01 00:00:00,53.06549601,-215.4374323,107.89,-6.838666667,86.49,28.27,,,,,220.67,194.1366667,,,,,,
2050-04-01 00:00:00,52.78179095,-216.1869193,107.89,-6.838666667,86.49,28.27,,,,,220.67,194.1366667,,,,,,
2050-05-01 00:00:00,52.49808589,-216.9364063,107.89,-6.838666667,86.49,28.27,,,,,220.67,194.1366667,,,,,,
2050-06-01 00:00:00,52.21438083,-217.6858933,107.89,-6.838666667,86.49,28.27,,,,,220.67,194.1366667,,,,,,
2050-07-01 00:00:00,51.93067577,-218.4353803,107.89,-6.838666667,86.49,28.27,,,,,220.67,194.1366667,,,,,,
2050-08-01 00:00:00,51.64697071,-219.1848673,107.89,-6.838666667,86.49,28.27,,,,,220.67,194.1366667,,,,,,
2050-09-01 00:00:00,51.36326565,-219.9343543,107.89,-6.838666667,86.49,28.27,,,,,220.67,194.1366667,,,,,,
2050-10-01 00:00:00,51.07956059,-220.6838413,107.89,-6.838666667,86.49,28.27,,,,,220.67,194.1366667,,,,,,
2050-11-01 00:00:00,50.79585553,-221.4333283,107.89,-6.838666667,86.49,28.27,,,,,220.67,194.1366667,,,,,,
2050-12-01 00:00:00,50.51215047,-222.1828153,107.89,-6.838666667,86.49,28.27,,,,,220.67,194.1366667,,,,,,
2051-01-01 00:00:00,50.22844541,-222.9323023,107.89,-6.838666667,86.49,28.27,,,,,220.67,194.1366667,,,,,,
2051-02-01 00:00:00,49.94474035,-223.6817893,107.89,-6.838666667,86.49,28.27,,,,,220.67,194.1366667,,,,,,
2051-03-01 00:00:00,49.66103529,-224.4312763,107.89,-6.838666667,86.49,28.27,,,,,220.67,194.1366667,,,,,,
2051-04-01 00:00:00,49.37733023,-225.1807633,107.89,-6.838666667,86.49,28.27,,,,,220.67,194.1366667,,,,,,
2051-05-01 00:00:00,49.09362517,-225.9302503,107.89,-6.838666667,86.49,28.27,,,,,220.67,194.1366667,,,,,,
2051-06-01 00:00:00,48.80992011,-226.6797373,107.89,-6.838666667,86.49,28.27,,,,,220.67,194.1366667,,,,,,
2051-07-01 00:00:00,48.52621505,-227.4292244,107.89,-6.838666667,86.49,28.27,,,,,220.67,194.1366667,,,,,,
2051-08-01 00:00:00,48.24250999,-228.1787114,107.89,-6.838666667,86.49,28.27,,,,,220.67,194.1366667,,,,,,
2051-09-01 00:00:00,47.95880493,-228.9281984,107.89,-6.838666667,86.49,28.27,,,,,220.67,194.1366667,,,,,,
2051-10-01 00:00:00,47.67509987,-229.6776854,107.89,-6.838666667,86.49,28.27,,,,,220.67,194.1366667,,,,,,
2051-11-01 00:00:00,47.39139481,-230.4271724,107.89,-6.838666667,86.49,28.27,,,,,220.67,194.1366667,,,,,,
2051-12-01 00:00:00,47.10768975,-231.1766594,107.89,-6.838666667,86.49,28.27,,,,,220.67,194.1366667,,,,,,
2052-01-01 00:00:00,46.82398469,-231.9261464,107.89,-6.838666667,86.49,28.27,,,,,220.67,194.1366667,,,,,,
2052-02-01 00:00:00,46.54027963,-232.6756334,107.89,-6.838666667,86.49,28.27,,,,,220.67,194.1366667,,,,,,
2052-03-01 00:00:00,46.25657457,-233.4251204,107.89,-6.838666667,86.49,28.27,,,,,220.67,194.1366667,,,,,,
2052-04-01 00:00:00,45.97286951,-234.1746074,107.89,-6.838666667,86.49,28.27,,,,,220.67,194.1366667,,,,,,
2052-05-01 00:00:00,45.68916445,-234.9240944,107.89,-6.838666667,86.49,28.27,,,,,220.67,194.1366667,,,,,,
2052-06-01 00:00:00,45.40545939,-235.6735814,107.89,-6.838666667,86.49,28.27,,,,,220.67,194.1366667,,,,,,
2052-07-01 00:00:00,45.12175433,-236.4230684,107.89,-6.838666667,86.49,28.27,,,,,220.67,194.1366667,,,,,,
2052-08-01 00:00:00,44.83804927,-237.1725554,107.89,-6.838666667,86.49,28.27,,,,,220.67,194.1366667,,,,,,
2052-09-01 00:00:00,44.55434421,-237.9220424,107.89,-6.838666667,86.49,28.27,,,,,220.67,194.1366667,,,,,,
2052-10-01 00:00:00,44.27063915,-238.6715294,107.89,-6.838666667,86.49,28.27,,,,,220.67,194.1366667,,,,,,
2052-11-01 00:00:00,43.98693409,-239.4210164,107.89,-6.838666667,86.49,28.27,,,,,220.67,194.1366667,,,,,,
2052-12-01 00:00:00,43.70322903,-240.1705034,107.89,-6.838666667,86.49,28.27,,,,,220.67,194.1366667,,,,,,
2053-01-01 00:00:00,43.41952397,-240.9199904,107.89,-6.838666667,86.49,28.27,,,,,220.67,194.1366667,,,,,,
2053-02-01 00:00:00,43.13581891,-241.6694774,107.89,-6.838666667,86.49,28.27,,,,,220.67,194.1366667,,,,,,
2053-03-01 00:00:00,42.85211385,-242.4189644,107.89,-6.838666667,86.49,28.27,,,,,220.67,194.1366667,,,,,,
2053-04-01 00:00:00,42.56840879,-243.1684514,107.89,-6.838666667,86.49,28.27,,,,,220.67,194.1366667,,,,,,
2053-05-01 00:00:00,42.28470373,-243.9179384,107.89,-6.838666667,86.49,28.27,,,,,220.67,194.1366667,,,,,,
2053-06-01 00:00:00,42.00099867,-244.6674254,107.89,-6.838666667,86.49,28.27,,,,,220.67,194.1366667,,,,,,
2053-07-01 00:00:00,41.71729361,-245.4169124,107.89,-6.838666667,86.49,28.27,,,,,220.67,194.1366667,,,,,,
2053-08-01 00:00:00,41.43358855,-246.1663995,107.89,-6.838666667,86.49,28.27,,,,,220.67,194.1366667,,,,,,
2053-09-01 00:00:00,41.14988349,-246.9158865,107.89,-6.838666667,86.49,28.27,,,,,220.67,194.1366667,,,,,,
2053-10-01 00:00:00,40.86617843,-247.6653735,107.89,-6.838666667,86.49,28.27,,,,,220.67,194.1366667,,,,,,
2053-11-01 00:00:00,40.58247337,-248.4148605,107.89,-6.838666667,86.49,28.27,,,,,220.67,194.1366667,,,,,,
2053-12-01 00:00:00,40.29876831,-249.1643475,107.89,-6.838666667,86.49,28.27,,,,,220.67,194.1366667,,,,,,
2054-01-01 00:00:00,40.01506325,-249.9138345,107.89,-6.838666667,86.49,28.27,,,,,220.67,194.1366667,,,,,,
2054-02-01 00:00:00,39.73135819,-250.6633215,107.89,-6.838666667,86.49,28.27,,,,,220.67,194.1366667,,,,,,
2054-03-01 00:00:00,39.44765313,-251.4128085,107.89,-6.838666667,86.49,28.27,,,,,220.67,194.1366667,,,,,,
2054-04-01 00:00:00,39.16394807,-252.1622955,107.89,-6.838666667,86.49,28.27,,,,,220.67,194.1366667,,,,,,
2054-05-01 00:00:00,38.88024301,-252.9117825,107.89,-6.838666667,86.49,28.27,,,,,220.67,194.1366667,,,,,,
2054-06-01 00:00:00,38.59653795,-253.6612695,107.89,-6.838666667,86.49,28.27,,,,,220.67,194.1366667,,,,,,
2054-07-01 00:00:00,38.31283289,-254.4107565,107.89,-6.838666667,86.49,28.27,,,,,220.67,194.1366667,,,,,,
2054-08-01 00:00:00,38.02912783,-255.1602435,107.89,-6.838666667,86.49,28.27,,,,,220.67,194.1366667,,,,,,
2054-09-01 00:00:00,37.74542277,-255.9097305,107.89,-6.838666667,86.49,28.27,,,,,220.67,194.1366667,,,,,,
2054-10-01 00:00:00,37.46171771,-256.6592175,107.89,-6.838666667,86.49,28.27,,,,,220.67,194.1366667,,,,,,
2054-11-01 00:00:00,37.17801265,-257.4087045,107.89,-6.838666667,86.49,28.27,,,,,220.67,194.1366667,,,,,,
2054-12-01 00:00:00,36.89430759,-258.1581915,107.89,-6.838666667,86.49,28.27,,,,,220.67,194.1366667,,,,,,
2055-01-01 00:00:00,36.61060253,-258.9076785,107.89,-6.838666667,86.49,28.27,,,,,220.67,194.1366667,,,,,,
2055-02-01 00:00:00,36.32689747,-259.6571655,107.89,-6.838666667,86.49,28.27,,,,,220.67,194.1366667,,,,,,
2055-03-01 00:00:00,36.04319241,-260.4066525,107.89,-6.838666667,86.49,28.27,,,,,220.67,194.1366667,,,,,,
2055-04-01 00:00:00,35.75948735,-261.1561395,107.89,-6.838666667,86.49,28.27,,,,,220.67,194.1366667,,,,,,
2055-05-01 00:00:00,35.47578229,-261.9056265,107.89,-6.838666667,86.49,28.27,,,,,220.67,194.1366667,,,,,,
2055-06-01 00:00:00,35.19207723,-262.6551135,107.89,-6.838666667,86.49,28.27,,,,,220.67,194.1366667,,,,,,
2055-07-01 00:00:00,34.90837217,-263.4046005,107.89,-6.838666667,86.49,28.27,,,,,220.67,194.1366667,,,,,,
2055-08-01 00:00:00,34.62466711,-264.1540876,107.89,-6.838666667,86.49,28.27,,,,,220.67,194.1366667,,,,,,
2055-09-01 00:00:00,34.34096205,-264.9035746,107.89,-6.838666667,86.49,28.27,,,,,220.67,194.1366667,,,,,,
2055-10-01 00:00:00,34.05725699,-265.6530616,107.89,-6.838666667,86.49,28.27,,,,,220.67,194.1366667,,,,,,
2055-11-01 00:00:00,33.77355193,-266.4025486,107.89,-6.838666667,86.49,28.27,,,,,220.67,194.1366667,,,,,,
2055-12-01 00:00:00,33.48984687,-267.1520356,107.89,-6.838666667,86.49,28.27,,,,,220.67,194.1366667,,,,,,
2056-01-01 00:00:00,33.20614181,-267.9015226,107.89,-6.838666667,86.49,28.27,,,,,220.67,194.1366667,,,,,,
2056-02-01 00:00:00,32.92243675,-268.6510096,107.89,-6.838666667,86.49,28.27,,,,,220.67,194.1366667,,,,,,
2056-03-01 00:00:00,32.63873169,-269.4004966,107.89,-6.838666667,86.49,28.27,,,,,220.67,194.1366667,,,,,,
2056-04-01 00:00:00,32.35502663,-270.1499836,107.89,-6.838666667,86.49,28.27,,,,,220.67,194.1366667,,,,,,
2056-05-01 00:00:00,32.07132157,-270.8994706,107.89,-6.838666667,86.49,28.27,,,,,220.67,194.1366667,,,,,,
2056-06-01 00:00:00,31.78761651,-271.6489576,107.89,-6.838666667,86.49,28.27,,,,,220.67,194.1366667,,,,,,
2056-07-01 00:00:00,31.50391145,-272.3984446,107.89,-6.838666667,86.49,28.27,,,,,220.67,194.1366667,,,,,,
2056-08-01 00:00:00,31.22020639,-273.1479316,107.89,-6.838666667,86.49,28.27,,,,,220.67,194.1366667,,,,,,
2056-09-01 00:00:00,30.93650133,-273.8974186,107.89,-6.838666667,86.49,28.27,,,,,220.67,194.1366667,,,,,,
2056-10-01 00:00:00,30.65279627,-274.6469056,107.89,-6.838666667,86.49,28.27,,,,,220.67,194.1366667,,,,,,
2056-11-01 00:00:00,30.36909121,-275.3963926,107.89,-6.838666667,86.49,28.27,,,,,220.67,194.1366667,,,,,,
2056-12-01 00:00:00,30.08538615,-276.1458796,107.89,-6.838666667,86.49,28.27,,,,,220.67,194.1366667,,,,,,
2057-01-01 00:00:00,29.80168109,-276.8953666,107.89,-6.838666667,86.49,28.27,,,,,220.67,194.1366667,,,,,,
2057-02-01 00:00:00,29.51797603,-277.6448536,107.89,-6.838666667,86.49,28.27,,,,,220.67,194.1366667,,,,,,
2057-03-01 00:00:00,29.23427097,-278.3943406,107.89,-6.838666667,86.49,28.27,,,,,220.67,194.1366667,,,,,,
2057-04-01 00:00:00,28.95056591,-279.1438276,107.89,-6.838666667,86.49,28.27,,,,,220.67,194.1366667,,,,,,
2057-05-01 00:00:00,28.66686085,-279.8933146,107.89,-6.838666667,86.49,28.27,,,,,220.67,194.1366667,,,,,,
2057-06-01 00:00:00,28.38315579,-280.6428016,107.89,-6.838666667,86.49,28.27,,,,,220.67,194.1366667,,,,,,
2057-07-01 00:00:00,28.09945073,-281.3922886,107.89,-6.838666667,86.49,28.27,,,,,220.67,194.1366667,,,,,,
2057-08-01 00:00:00,27.81574567,-282.1417756,107.89,-6.838666667,86.49,28.27,,,,,220.67,194.1366667,,,,,,
2057-09-01 00:00:00,27.53204061,-282.8912627,107.89,-6.838666667,86.49,28.27,,,,,220.67,194.1366667,,,,,,
2057-10-01 00:00:00,27.24833555,-283.6407497,107.89,-6.838666667,86.49,28.27,,,,,220.67,194.1366667,,,,,,
2057-11-01 00:00:00,26.96463049,-284.3902367,107.89,-6.838666667,86.49,28.27,,,,,220.67,194.1366667,,,,,,
2057-12-01 00:00:00,26.68092543,-285.1397237,107.89,-6.838666667,86.49,28.27,,,,,220.67,194.1366667,,,,,,
2058-01-01 00:00:00,26.39722037,-285.8892107,107.89,-6.838666667,86.49,28.27,,,,,220.67,194.1366667,,,,,,
2058-02-01 00:00:00,26.11351531,-286.6386977,107.89,-6.838666667,86.49,28.27,,,,,220.67,194.1366667,,,,,,
2058-03-01 00:00:00,25.82981025,-287.3881847,107.89,-6.838666667,86.49,28.27,,,,,220.67,194.1366667,,,,,,
2058-04-01 00:00:00,25.54610519,-288.1376717,107.89,-6.838666667,86.49,28.27,,,,,220.67,194.1366667,,,,,,
2058-05-01 00:00:00,25.26240013,-288.8871587,107.89,-6.838666667,86.49,28.27,,,,,220.67,194.1366667,,,,,,
2058-06-01 00:00:00,24.97869507,-289.6366457,107.89,-6.838666667,86.49,28.27,,,,,220.67,194.1366667,,,,,,
2058-07-01 00:00:00,24.69499001,-290.3861327,107.89,-6.838666667,86.49,28.27,,,,,220.67,194.1366667,,,,,,
2058-08-01 00:00:00,24.41128495,-291.1356197,107.89,-6.838666667,86.49,28.27,,,,,220.67,194.1366667,,,,,,
2058-09-01 00:00:00,24.12757989,-291.8851067,107.89,-6.838666667,86.49,28.27,,,,,220.67,194.1366667,,,,,,
2058-10-01 00:00:00,23.84387483,-292.6345937,107.89,-6.838666667,86.49,28.27,,,,,220.67,194.1366667,,,,,,
2058-11-01 00:00:00,23.56016977,-293.3840807,107.89,-6.838666667,86.49,28.27,,,,,220.67,194.1366667,,,,,,
2058-12-01 00:00:00,23.27646471,-294.1335677,107.89,-6.838666667,86.49,28.27,,,,,220.67,194.1366667,,,,,,
2059-01-01 00:00:00,22.99275965,-294.8830547,107.89,-6.838666667,86.49,28.27,,,,,220.67,194.1366667,,,,,,
2059-02-01 00:00:00,22.70905459,-295.6325417,107.89,-6.838666667,86.49,28.27,,,,,220.67,194.1366667,,,,,,
2059-03-01 00:00:00,22.42534953,-296.3820287,107.89,-6.838666667,86.49,28.27,,,,,220.67,194.1366667,,,,,,
2059-04-01 00:00:00,22.14164447,-297.1315157,107.89,-6.838666667,86.49,28.27,,,,,220.67,194.1366667,,,,,,
2059-05-01 00:00:00,21.85793941,-297.8810027,107.89,-6.838666667,86.49,28.27,,,,,220.67,194.1366667,,,,,,
2059-06-01 00:00:00,21.57423435,-298.6304897,107.89,-6.838666667,86.49,28.27,,,,,220.67,194.1366667,,,,,,
2059-07-01 00:00:00,21.29052929,-299.3799767,107.89,-6.838666667,86.49,28.27,,,,,220.67,194.1366667,,,,,,
2059-08-01 00:00:00,21.00682423,-300.1294637,107.89,-6.838666667,86.49,28.27,,,,,220.67,194.1366667,,,,,,
2059-09-01 00:00:00,20.72311917,-300.8789508,107.89,-6.838666667,86.49,28.27,,,,,220.67,194.1366667,,,,,,
2059-10-01 00:00:00,20.43941411,-301.6284378,107.89,-6.838666667,86.49,28.27,,,,,220.67,194.1366667,,,,,,
2059-11-01 00:00:00,20.15570905,-302.3779248,107.89,-6.838666667,86.49,28.27,,,,,220.67,194.1366667,,,,,,
2059-12-01 00:00:00,19.87200399,-303.1274118,107.89,-6.838666667,86.49,28.27,,,,,220.67,194.1366667,,,,,,
2060-01-01 00:00:00,19.58829893,-303.8768988,107.89,-6.838666667,86.49,28.27,,,,,220.67,194.1366667,,,,,,
2060-02-01 00:00:00,19.30459387,-304.6263858,107.89,-6.838666667,86.49,28.27,,,,,220.67,194.1366667,,,,,,
2060-03-01 00:00:00,19.02088881,-305.3758728,107.89,-6.838666667,86.49,28.27,,,,,220.67,194.1366667,,,,,,
2060-04-01 00:00:00,18.73718375,-306.1253598,107.89,-6.838666667,86.49,28.27,,,,,220.67,194.1366667,,,,,,
2060-05-01 00:00:00,18.4534787,-306.8748468,107.89,-6.838666667,86.49,28.27,,,,,220.67,194.1366667,,,,,,
2060-06-01 00:00:00,18.16977364,-307.6243338,107.89,-6.838666667,86.49,28.27,,,,,220.67,194.1366667,,,,,,
2060-07-01 00:00:00,17.88606858,-308.3738208,107.89,-6.838666667,86.49,28.27,,,,,220.67,194.1366667,,,,,,
2060-08-01 00:00:00,17.60236352,-309.1233078,107.89,-6.838666667,86.49,28.27,,,,,220.67,194.1366667,,,,,,
2060-09-01 00:00:00,17.31865846,-309.8727948,107.89,-6.838666667,86.49,28.27,,,,,220.67,194.1366667,,,,,,
2060-10-01 00:00:00,17.0349534,-310.6222818,107.89,-6.838666667,86.49,28.27,,,,,220.67,194.1366667,,,,,,
2060-11-01 00:00:00,16.75124834,-311.3717688,107.89,-6.838666667,86.49,28.27,,,,,220.67,194.1366667,,,,,,
2060-12-01 00:00:00,16.46754328,-312.1212558,107.89,-6.838666667,86.49,28.27,,,,,220.67,194.1366667,,,,,,
2061-01-01 00:00:00,16.18383822,-312.8707428,107.89,-6.838666667,86.49,28.27,,,,,220.67,194.1366667,,,,,,
2061-02-01 00:00:00,15.90013316,-313.6202298,107.89,-6.838666667,86.49,28.27,,,,,220.67,194.1366667,,,,,,
2061-03-01 00:00:00,15.6164281,-314.3697168,107.89,-6.838666667,86.49,28.27,,,,,220.67,194.1366667,,,,,,
2061-04-01 00:00:00,15.33272304,-315.1192038,107.89,-6.838666667,86.49,28.27,,,,,220.67,194.1366667,,,,,,
2061-05-01 00:00:00,15.04901798,-315.8686908,107.89,-6.838666667,86.49,28.27,,,,,220.67,194.1366667,,,,,,
2061-06-01 00:00:00,14.76531292,-316.6181778,107.89,-6.838666667,86.49,28.27,,,,,220.67,194.1366667,,,,,,
2061-07-01 00:00:00,14.48160786,-317.3676648,107.89,-6.838666667,86.49,28.27,,,,,220.67,194.1366667,,,,,,
2061-08-01 00:00:00,14.1979028,-318.1171518,107.89,-6.838666667,86.49,28.27,,,,,220.67,194.1366667,,,,,,
2061-09-01 00:00:00,13.91419774,-318.8666389,107.89,-6.838666667,86.49,28.27,,,,,220.67,194.1366667,,,,,,
2061-10-01 00:00:00,13.63049268,-319.6161259,107.89,-6.838666667,86.49,28.27,,,,,220.67,194.1366667,,,,,,
2061-11-01 00:00:00,13.34678762,-320.3656129,107.89,-6.838666667,86.49,28.27,,,,,220.67,194.1366667,,,,,,
2061-12-01 00:00:00,13.06308256,-321.1150999,107.89,-6.838666667,86.49,28.27,,,,,220.67,194.1366667,,,,,,
2062-01-01 00:00:00,12.7793775,-321.8645869,107.89,-6.838666667,86.49,28.27,,,,,220.67,194.1366667,,,,,,
2062-02-01 00:00:00,12.49567244,-322.6140739,107.89,-6.838666667,86.49,28.27,,,,,220.67,194.1366667,,,,,,
2062-03-01 00:00:00,12.21196738,-323.3635609,107.89,-6.838666667,86.49,28.27,,,,,220.67,194.1366667,,,,,,
2062-04-01 00:00:00,11.92826232,-324.1130479,107.89,-6.838666667,86.49,28.27,,,,,220.67,194.1366667,,,,,,
2062-05-01 00:00:00,11.64455726,-324.8625349,107.89,-6.838666667,86.49,28.27,,,,,220.67,194.1366667,,,,,,
2062-06-01 00:00:00,11.3608522,-325.6120219,107.89,-6.838666667,86.49,28.27,,,,,220.67,194.1366667,,,,,,
2062-07-01 00:00:00,11.07714714,-326.3615089,107.89,-6.838666667,86.49,28.27,,,,,220.67,194.1366667,,,,,,
2062-08-01 00:00:00,10.79344208,-327.1109959,107.89,-6.838666667,86.49,28.27,,,,,220.67,194.1366667,,,,,,
2062-09-01 00:00:00,10.50973702,-327.8604829,107.89,-6.838666667,86.49,28.27,,,,,220.67,194.1366667,,,,,,
2062-10-01 00:00:00,10.22603196,-328.6099699,107.89,-6.838666667,86.49,28.27,,,,,220.67,194.1366667,,,,,,
2062-11-01 00:00:00,9.942326897,-329.3594569,107.89,-6.838666667,86.49,28.27,,,,,220.67,194.1366667,,,,,,
2062-12-01 00:00:00,9.658621838,-330.1089439,107.89,-6.838666667,86.49,28.27,,,,,220.67,194.1366667,,,,,,
2063-01-01 00:00:00,9.374916778,-330.8584309,107.89,-6.838666667,86.49,28.27,,,,,220.67,194.1366667,,,,,,
2063-02-01 00:00:00,9.091211718,-331.6079179,107.89,-6.838666667,86.49,28.27,,,,,220.67,194.1366667,,,,,,
2063-03-01 00:00:00,8.807506658,-332.3574049,107.89,-6.838666667,86.49,28.27,,,,,220.67,194.1366667,,,,,,
2063-04-01 00:00:00,8.523801598,-333.1068919,107.89,-6.838666667,86.49,28.27,,,,,220.67,194.1366667,,,,,,
2063-05-01 00:00:00,8.240096538,-333.8563789,107.89,-6.838666667,86.49,28.27,,,,,220.67,194.1366667,,,,,,
2063-06-01 00:00:00,7.956391478,-334.6058659,107.89,-6.838666667,86.49,28.27,,,,,220.67,194.1366667,,,,,,
2063-07-01 00:00:00,7.672686418,-335.3553529,107.89,-6.838666667,86.49,28.27,,,,,220.67,194.1366667,,,,,,
2063-08-01 00:00:00,7.388981358,-336.1048399,107.89,-6.838666667,86.49,28.27,,,,,220.67,194.1366667,,,,,,
2063-09-01 00:00:00,7.105276298,-336.8543269,107.89,-6.838666667,86.49,28.27,,,,,220.67,194.1366667,,,,,,
2063-10-01 00:00:00,6.821571238,-337.603814,107.89,-6.838666667,86.49,28.27,,,,,220.67,194.1366667,,,,,,
2063-11-01 00:00:00,6.537866178,-338.353301,107.89,-6.838666667,86.49,28.27,,,,,220.67,194.1366667,,,,,,
2063-12-01 00:00:00,6.254161119,-339.102788,107.89,-6.838666667,86.49,28.27,,,,,220.67,194.1366667,,,,,,
2064-01-01 00:00:00,5.970456059,-339.852275,107.89,-6.838666667,86.49,28.27,,,,,220.67,194.1366667,,,,,,
2064-02-01 00:00:00,5.686750999,-340.601762,107.89,-6.838666667,86.49,28.27,,,,,220.67,194.1366667,,,,,,
2064-03-01 00:00:00,5.403045939,-341.351249,107.89,-6.838666667,86.49,28.27,,,,,220.67,194.1366667,,,,,,
2064-04-01 00:00:00,5.119340879,-342.100736,107.89,-6.838666667,86.49,28.27,,,,,220.67,194.1366667,,,,,,
2064-05-01 00:00:00,4.835635819,-342.850223,107.89,-6.838666667,86.49,28.27,,,,,220.67,194.1366667,,,,,,
2064-06-01 00:00:00,4.551930759,-343.59971,107.89,-6.838666667,86.49,28.27,,,,,220.67,194.1366667,,,,,,
2064-07-01 00:00:00,4.268225699,-344.349197,107.89,-6.838666667,86.49,28.27,,,,,220.67,194.1366667,,,,,,
2064-08-01 00:00:00,3.984520639,-345.098684,107.89,-6.838666667,86.49,28.27,,,,,220.67,194.1366667,,,,,,
2064-09-01 00:00:00,3.700815579,-345.848171,107.89,-6.838666667,86.49,28.27,,,,,220.67,194.1366667,,,,,,
2064-10-01 00:00:00,3.417110519,-346.597658,107.89,-6.838666667,86.49,28.27,,,,,220.67,194.1366667,,,,,,
2064-11-01 00:00:00,3.133405459,-347.347145,107.89,-6.838666667,86.49,28.27,,,,,220.67,194.1366667,,,,,,
2064-12-01 00:00:00,2.849700399,-348.096632,107.89,-6.838666667,86.49,28.27,,,,,220.67,194.1366667,,,,,,
2065-01-01 00:00:00,2.56599534,-348.846119,107.89,-6.838666667,86.49,28.27,,,,,220.67,194.1366667,,,,,,
2065-02-01 00:00:00,2.28229028,-349.595606,107.89,-6.838666667,86.49,28.27,,,,,220.67,194.1366667,,,,,,
2065-03-01 00:00:00,1.99858522,-350.345093,107.89,-6.838666667,86.49,28.27,,,,,220.67,194.1366667,,,,,,
2065-04-01 00:00:00,1.71488016,-351.09458,107.89,-6.838666667,86.49,28.27,,,,,220.67,194.1366667,,,,,,
2065-05-01 00:00:00,1.4311751,-351.844067,107.89,-6.838666667,86.49,28.27,,,,,220.67,194.1366667,,,,,,
2065-06-01 00:00:00,1.14747004,-352.593554,107.89,-6.838666667,86.49,28.27,,,,,220.67,194.1366667,,,,,,
2065-07-01 00:00:00,0.86376498,-353.343041,107.89,-6.838666667,86.49,28.27,,,,,220.67,194.1366667,,,,,,
2065-08-01 00:00:00,0.58005992,-354.092528,107.89,-6.838666667,86.49,28.27,,,,,220.67,194.1366667,,,,,,
2065-09-01 00:00:00,0.29635486,-354.842015,107.89,-6.838666667,86.49,28.27,,,,,220.67,194.1366667,,,,,,
2065-10-01 00:00:00,0.0126498,-355.5915021,107.89,-6.838666667,86.49,28.27,,,,,220.67,194.1366667,,,,,,
2065-11-01 00:00:00,-0.27105526,-356.3409891,107.89,-6.838666667,86.49,28.27,,,,,220.67,194.1366667,,,,,,
2065-12-01 00:00:00,-0.55476032,-357.0904761,107.89,-6.838666667,86.49,28.27,,,,,220.67,194.1366667,,,,,,
2066-01-01 00:00:00,-0.838465379,-357.8399631,107.89,-6.838666667,86.49,28.27,,,,,220.67,194.1366667,,,,,,
2066-02-01 00:00:00,-1.122170439,-358.5894501,107.89,-6.838666667,86.49,28.27,,,,,220.67,194.1366667,,,,,,
2066-03-01 00:00:00,-1.405875499,-359.3389371,107.89,-6.838666667,86.49,28.27,,,,,220.67,194.1366667,,,,,,
2066-04-01 00:00:00,-1.689580559,-360.0884241,107.89,-6.838666667,86.49,28.27,,,,,220.67,194.1366667,,,,,,
2066-05-01 00:00:00,-1.973285619,-360.8379111,107.89,-6.838666667,86.49,28.27,,,,,220.67,194.1366667,,,,,,
2066-06-01 00:00:00,-2.256990679,-361.5873981,107.89,-6.838666667,86.49,28.27,,,,,220.67,194.1366667,,,,,,
2066-07-01 00:00:00,-2.540695739,-362.3368851,107.89,-6.838666667,86.49,28.27,,,,,220.67,194.1366667,,,,,,
2066-08-01 00:00:00,-2.824400799,-363.0863721,107.89,-6.838666667,86.49,28.27,,,,,220.67,194.1366667,,,,,,
2066-09-01 00:00:00,-3.108105859,-363.8358591,107.89,-6.838666667,86.49,28.27,,,,,220.67,194.1366667,,,,,,
2066-10-01 00:00:00,-3.391810919,-364.5853461,107.89,-6.838666667,86.49,28.27,,,,,220.67,194.1366667,,,,,,
2066-11-01 00:00:00,-3.675515979,-365.3348331,107.89,-6.838666667,86.49,28.27,,,,,220.67,194.1366667,,,,,,
2066-12-01 00:00:00,-3.959221039,-366.0843201,107.89,-6.838666667,86.49,28.27,,,,,220.67,194.1366667,,,,,,
2067-01-01 00:00:00,-4.242926099,-366.8338071,107.89,-6.838666667,86.49,28.27,,,,,220.67,194.1366667,,,,,,
2067-02-01 00:00:00,-4.526631158,-367.5832941,107.89,-6.838666667,86.49,28.27,,,,,220.67,194.1366667,,,,,,
2067-03-01 00:00:00,-4.810336218,-368.3327811,107.89,-6.838666667,86.49,28.27,,,,,220.67,194.1366667,,,,,,
2067-04-01 00:00:00,-5.094041278,-369.0822681,107.89,-6.838666667,86.49,28.27,,,,,220.67,194.1366667,,,,,,
2067-05-01 00:00:00,-5.377746338,-369.8317551,107.89,-6.838666667,86.49,28.27,,,,,220.67,194.1366667,,,,,,
2067-06-01 00:00:00,-5.661451398,-370.5812421,107.89,-6.838666667,86.49,28.27,,,,,220.67,194.1366667,,,,,,
2067-07-01 00:00:00,-5.945156458,-371.3307291,107.89,-6.838666667,86.49,28.27,,,,,220.67,194.1366667,,,,,,
2067-08-01 00:00:00,-6.228861518,-372.0802161,107.89,-6.838666667,86.49,28.27,,,,,220.67,194.1366667,,,,,,
2067-09-01 00:00:00,-6.512566578,-372.8297031,107.89,-6.838666667,86.49,28.27,,,,,220.67,194.1366667,,,,,,
2067-10-01 00:00:00,-6.796271638,-373.5791902,107.89,-6.838666667,86.49,28.27,,,,,220.67,194.1366667,,,,,,
2067-11-01 00:00:00,-7.079976698,-374.3286772,107.89,-6.838666667,86.49,28.27,,,,,220.67,194.1366667,,,,,,
2067-12-01 00:00:00,-7.363681758,-375.0781642,107.89,-6.838666667,86.49,28.27,,,,,220.67,194.1366667,,,,,,
2068-01-01 00:00:00,-7.647386818,-375.8276512,107.89,-6.838666667,86.49,28.27,,,,,220.67,194.1366667,,,,,,
2068-02-01 00:00:00,-7.931091877,-376.5771382,107.89,-6.838666667,86.49,28.27,,,,,220.67,194.1366667,,,,,,
2068-03-01 00:00:00,-8.214796937,-377.3266252,107.89,-6.838666667,86.49,28.27,,,,,220.67,194.1366667,,,,,,
2068-04-01 00:00:00,-8.498501997,-378.0761122,107.89,-6.838666667,86.49,28.27,,,,,220.67,194.1366667,,,,,,
2068-05-01 00:00:00,-8.782207057,-378.8255992,107.89,-6.838666667,86.49,28.27,,,,,220.67,194.1366667,,,,,,
2068-06-01 00:00:00,-9.065912117,-379.5750862,107.89,-6.838666667,86.49,28.27,,,,,220.67,194.1366667,,,,,,
2068-07-01 00:00:00,-9.349617177,-380.3245732,107.89,-6.838666667,86.49,28.27,,,,,220.67,194.1366667,,,,,,
2068-08-01 00:00:00,-9.633322237,-381.0740602,107.89,-6.838666667,86.49,28.27,,,,,220.67,194.1366667,,,,,,
2068-09-01 00:00:00,-9.917027297,-381.8235472,107.89,-6.838666667,86.49,28.27,,,,,220.67,194.1366667,,,,,,
2068-10-01 00:00:00,-10.20073236,-382.5730342,107.89,-6.838666667,86.49,28.27,,,,,220.67,194.1366667,,,,,,
2068-11-01 00:00:00,-10.48443742,-383.3225212,107.89,-6.838666667,86.49,28.27,,,,,220.67,194.1366667,,,,,,
2068-12-01 00:00:00,-10.76814248,-384.0720082,107.89,-6.838666667,86.49,28.27,,,,,220.67,194.1366667,,,,,,
2069-01-01 00:00:00,-11.05184754,-384.8214952,107.89,-6.838666667,86.49,28.27,,,,,220.67,194.1366667,,,,,,
2069-02-01 00:00:00,-11.3355526,-385.5709822,107.89,-6.838666667,86.49,28.27,,,,,220.67,194.1366667,,,,,,
2069-03-01 00:00:00,-11.61925766,-386.3204692,107.89,-6.838666667,86.49,28.27,,,,,220.67,194.1366667,,,,,,
2069-04-01 00:00:00,-11.90296272,-387.0699562,107.89,-6.838666667,86.49,28.27,,,,,220.67,194.1366667,,,,,,
2069-05-01 00:00:00,-12.18666778,-387.8194432,107.89,-6.838666667,86.49,28.27,,,,,220.67,194.1366667,,,,,,
2069-06-01 00:00:00,-12.47037284,-388.5689302,107.89,-6.838666667,86.49,28.27,,,,,220.67,194.1366667,,,,,,
2069-07-01 00:00:00,-12.7540779,-389.3184172,107.89,-6.838666667,86.49,28.27,,,,,220.67,194.1366667,,,,,,
2069-08-01 00:00:00,-13.03778296,-390.0679042,107.89,-6.838666667,86.49,28.27,,,,,220.67,194.1366667,,,,,,
2069-09-01 00:00:00,-13.32148802,-390.8173912,107.89,-6.838666667,86.49,28.27,,,,,220.67,194.1366667,,,,,,
2069-10-01 00:00:00,-13.60519308,-391.5668782,107.89,-6.838666667,86.49,28.27,,,,,220.67,194.1366667,,,,,,
2069-11-01 00:00:00,-13.88889814,-392.3163653,107.89,-6.838666667,86.49,28.27,,,,,220.67,194.1366667,,,,,,
2069-12-01 00:00:00,-14.1726032,-393.0658523,107.89,-6.838666667,86.49,28.27,,,,,220.67,194.1366667,,,,,,
