datetime,Mean CH - layer 3 (Principal Aquifer)
2/1/1901,425.1454307
3/1/1901,425.0762537
4/1/1901,425.0204521
5/1/1901,425.0365596
6/1/1901,424.9951121
7/1/1901,424.7147704
8/1/1901,424.3647948
9/1/1901,424.1560043
10/1/1901,424.003806
11/1/1901,423.7820762
12/1/1901,423.6038717
1/1/1902,423.5273982
2/1/1902,423.0950173
3/1/1902,422.9097868
4/1/1902,422.71173
5/1/1902,422.6317276
6/1/1902,422.3218022
7/1/1902,422.1632112
8/1/1902,422.0446301
9/1/1902,421.437615
10/1/1902,421.2895999
11/1/1902,421.2401923
12/1/1902,421.1487133
1/1/1903,421.0123063
2/1/1903,420.8629496
3/1/1903,420.769095
4/1/1903,420.453353
5/1/1903,420.1877702
6/1/1903,419.6659433
7/1/1903,419.4001386
8/1/1903,418.2018058
9/1/1903,418.1593124
10/1/1903,417.4726414
11/1/1903,416.3864831
12/1/1903,415.8353837
1/1/1904,415.7273608
2/1/1904,415.1429171
3/1/1904,414.9925789
4/1/1904,414.7691184
5/1/1904,414.4300909
6/1/1904,414.3649292
7/1/1904,413.9823438
8/1/1904,414.2158863
9/1/1904,414.1455078
10/1/1904,413.7419032
11/1/1904,413.4614133
12/1/1904,413.0396467
1/1/1905,413.4643426
2/1/1905,413.2768773
3/1/1905,411.9671651
4/1/1905,411.5619633
5/1/1905,410.3206819
6/1/1905,408.3447512
7/1/1905,407.7213689
8/1/1905,407.1259304
9/1/1905,406.5840661
10/1/1905,406.2986153
11/1/1905,405.6331767
12/1/1905,404.3870063
1/1/1906,403.9605572
2/1/1906,403.4670916
3/1/1906,402.9947155
4/1/1906,402.439622
5/1/1906,402.1088478
6/1/1906,401.2557019
7/1/1906,400.1974385
8/1/1906,399.8216319
9/1/1906,398.7827116
10/1/1906,396.0473837
11/1/1906,394.3819423
12/1/1906,391.6408447
1/1/1907,390.0980147
2/1/1907,386.9955777
3/1/1907,387.1135692
4/1/1907,384.500748
5/1/1907,382.9768692
6/1/1907,382.3018686
7/1/1907,380.9502406
8/1/1907,379.6763815
9/1/1907,378.0312567
10/1/1907,376.2122989
11/1/1907,374.3216714
12/1/1907,371.1523049
1/1/1908,368.1603799
2/1/1908,365.8818357
3/1/1908,363.5444023
4/1/1908,362.2694974
5/1/1908,361.2355313
6/1/1908,359.9644166
7/1/1908,358.5795263
8/1/1908,357.4403832
9/1/1908,354.757782
10/1/1908,353.4436123
11/1/1908,351.410878
12/1/1908,349.7604632
1/1/1909,347.8146895
2/1/1909,345.2845909
3/1/1909,344.0458597
4/1/1909,341.298724
5/1/1909,338.4538188
6/1/1909,335.9879497
7/1/1909,334.8256176
8/1/1909,332.3569724
9/1/1909,330.6821498
10/1/1909,329.5251621
11/1/1909,327.444622
12/1/1909,325.5522401
1/1/1910,322.1612656
2/1/1910,320.3392602
3/1/1910,317.2805227
4/1/1910,312.5837173
5/1/1910,311.3364363
6/1/1910,308.7591719
7/1/1910,306.9480894
8/1/1910,305.7311086
9/1/1910,302.8784489
10/1/1910,301.2190468
11/1/1910,299.2639222
12/1/1910,297.5603937
1/1/1911,295.5804616
2/1/1911,294.1072833
3/1/1911,292.8322314
4/1/1911,290.556091
5/1/1911,288.6459585
6/1/1911,287.0797579
7/1/1911,284.9769586
8/1/1911,283.3295523
9/1/1911,282.3052174
10/1/1911,281.7083717
11/1/1911,280.2877969
12/1/1911,278.6614412
1/1/1912,277.2642608
2/1/1912,276.1650098
3/1/1912,275.0846637
4/1/1912,274.0473537
5/1/1912,273.2183484
6/1/1912,272.3783365
7/1/1912,271.4455856
8/1/1912,268.7165329
9/1/1912,265.4246227
10/1/1912,263.8768736
11/1/1912,262.4206942
12/1/1912,261.58837
1/1/1913,260.6962536
2/1/1913,259.6045482
3/1/1913,258.8487743
4/1/1913,258.4620963
5/1/1913,257.6857435
6/1/1913,256.9913734
7/1/1913,256.1518159
8/1/1913,255.3230821
9/1/1913,254.5211997
10/1/1913,253.6834227
11/1/1913,252.8323368
12/1/1913,252.1864628
1/1/1914,250.709958
2/1/1914,249.6522295
3/1/1914,248.7523551
4/1/1914,247.5343606
5/1/1914,246.8739591
6/1/1914,246.2542924
7/1/1914,245.5823311
8/1/1914,244.8249443
9/1/1914,243.9910221
10/1/1914,243.0670375
11/1/1914,242.177696
12/1/1914,241.7867797
1/1/1915,241.3799164
2/1/1915,240.6189547
3/1/1915,240.34168
4/1/1915,239.6486199
5/1/1915,239.208879
6/1/1915,238.7666456
7/1/1915,237.7169282
8/1/1915,236.9492072
9/1/1915,236.0703345
10/1/1915,236.0032762
11/1/1915,235.6745891
12/1/1915,235.0335376
1/1/1916,234.643911
2/1/1916,234.5338933
3/1/1916,234.2530144
4/1/1916,233.5634914
5/1/1916,233.5846247
6/1/1916,232.8100737
7/1/1916,232.4797232
8/1/1916,231.935853
9/1/1916,231.4458241
10/1/1916,230.6412974
11/1/1916,230.2233255
12/1/1916,229.6521298
1/1/1917,229.5321139
2/1/1917,229.1693481
3/1/1917,228.9011345
4/1/1917,227.9119656
5/1/1917,227.6049718
6/1/1917,226.7611081
7/1/1917,226.6399037
8/1/1917,225.9239748
9/1/1917,225.3471165
10/1/1917,224.850045
11/1/1917,224.3366054
12/1/1917,224.1122248
1/1/1918,224.1484532
2/1/1918,223.779828
3/1/1918,223.4897137
4/1/1918,223.097347
5/1/1918,222.8818671
6/1/1918,222.6789206
7/1/1918,222.3523356
8/1/1918,222.414315
9/1/1918,222.2536881
10/1/1918,221.9700008
11/1/1918,221.7953601
12/1/1918,221.6177336
1/1/1919,221.4607003
2/1/1919,221.1720972
3/1/1919,221.2362812
4/1/1919,221.0036702
5/1/1919,220.8259706
6/1/1919,220.5406478
7/1/1919,220.0098121
8/1/1919,219.8848576
9/1/1919,219.3442942
10/1/1919,219.0719909
11/1/1919,218.7254132
12/1/1919,218.3666149
1/1/1920,218.160195
2/1/1920,217.9805774
3/1/1920,217.5968486
4/1/1920,217.3953616
5/1/1920,217.2201393
6/1/1920,217.0392725
7/1/1920,216.8721412
8/1/1920,216.7044053
9/1/1920,216.5397591
10/1/1920,216.3883556
11/1/1920,216.2469317
12/1/1920,216.2289422
1/1/1921,216.0832245
2/1/1921,216.0338168
3/1/1921,215.9334004
4/1/1921,215.811938
5/1/1921,215.9120531
6/1/1921,216.0982929
7/1/1921,215.9429013
8/1/1921,215.939722
9/1/1921,216.0210276
10/1/1921,215.8959015
11/1/1921,215.6617914
12/1/1921,215.6650823
1/1/1922,215.4547584
2/1/1922,214.9512846
3/1/1922,214.6887113
4/1/1922,214.098051
5/1/1922,213.9785803
6/1/1922,213.7735163
7/1/1922,213.4444521
8/1/1922,213.7872042
9/1/1922,213.8669823
10/1/1922,213.7122456
11/1/1922,213.4790544
12/1/1922,212.8963923
1/1/1923,212.6944511
2/1/1923,212.5277727
3/1/1923,212.6167769
4/1/1923,212.5062986
5/1/1923,212.4168467
6/1/1923,212.3346812
7/1/1923,212.2599213
8/1/1923,212.1625214
9/1/1923,212.0520028
10/1/1923,211.8285504
11/1/1923,211.7344495
12/1/1923,211.1772427
1/1/1924,210.9753327
2/1/1924,210.8906592
3/1/1924,210.8136088
4/1/1924,210.7389463
5/1/1924,210.6651272
6/1/1924,210.5877851
7/1/1924,210.5180401
8/1/1924,210.6833321
9/1/1924,210.5942948
10/1/1924,210.4352826
11/1/1924,210.4495228
12/1/1924,210.3756835
1/1/1925,210.1254726
2/1/1925,210.073542
3/1/1925,210.2882254
4/1/1925,210.1952805
5/1/1925,210.1226927
6/1/1925,210.0491998
7/1/1925,210.0098832
8/1/1925,210.122342
9/1/1925,209.9478403
10/1/1925,209.8464256
11/1/1925,209.7937557
12/1/1925,209.7245107
1/1/1926,209.6732872
2/1/1926,209.7031908
3/1/1926,209.5472455
4/1/1926,209.3039164
5/1/1926,209.2095775
6/1/1926,209.1929689
7/1/1926,209.1381488
8/1/1926,209.175234
9/1/1926,209.0700119
10/1/1926,208.8702832
11/1/1926,208.754615
12/1/1926,208.6009802
1/1/1927,208.5516252
2/1/1927,208.4292213
3/1/1927,208.3185706
4/1/1927,208.1487627
5/1/1927,208.2451182
6/1/1927,208.2584018
7/1/1927,208.1585586
8/1/1927,207.998124
9/1/1927,207.9186447
10/1/1927,207.6240475
11/1/1927,207.6148883
12/1/1927,207.2529118
1/1/1928,207.235618
2/1/1928,207.0404703
3/1/1928,206.9312481
4/1/1928,206.7193141
5/1/1928,206.5969557
6/1/1928,206.5206169
7/1/1928,206.1859986
8/1/1928,205.7531897
9/1/1928,205.5591733
10/1/1928,205.3898168
11/1/1928,205.2041336
12/1/1928,205.0419951
1/1/1929,204.8653542
2/1/1929,204.7046434
3/1/1929,204.8096582
4/1/1929,204.7433806
5/1/1929,204.6068469
6/1/1929,204.4820574
7/1/1929,204.4048286
8/1/1929,204.1646952
9/1/1929,203.8890836
10/1/1929,203.7676126
11/1/1929,203.6262726
12/1/1929,203.525156
1/1/1930,203.5419357
2/1/1930,203.4245483
3/1/1930,203.2158464
4/1/1930,203.2786915
5/1/1930,203.1420063
6/1/1930,203.0688039
7/1/1930,202.697182
8/1/1930,202.0733453
9/1/1930,201.794711
10/1/1930,201.6929532
11/1/1930,201.6412404
12/1/1930,201.3319329
1/1/1931,201.280882
2/1/1931,201.0926474
3/1/1931,201.0842155
4/1/1931,200.8374989
5/1/1931,200.8259572
6/1/1931,200.816553
7/1/1931,200.4452856
8/1/1931,200.3585922
9/1/1931,199.6908512
10/1/1931,199.2863325
11/1/1931,199.0358896
12/1/1931,198.5713295
1/1/1932,198.116402
2/1/1932,197.9062943
3/1/1932,197.7441577
4/1/1932,197.5066318
5/1/1932,197.3607738
6/1/1932,197.1924958
7/1/1932,196.8620108
8/1/1932,196.4115216
9/1/1932,195.9309684
10/1/1932,195.5701322
11/1/1932,195.2501292
12/1/1932,195.0402289
1/1/1933,194.8332192
2/1/1933,194.618988
3/1/1933,194.3931667
4/1/1933,194.2533079
5/1/1933,194.0476482
6/1/1933,193.9302154
7/1/1933,193.801743
8/1/1933,193.5897525
9/1/1933,193.279467
10/1/1933,193.142902
11/1/1933,192.8873008
12/1/1933,192.7274317
1/1/1934,192.2342304
2/1/1934,192.1763934
3/1/1934,192.0282387
4/1/1934,191.9427129
5/1/1934,191.8290892
6/1/1934,191.708427
7/1/1934,191.5853977
8/1/1934,191.4482804
9/1/1934,191.2128941
10/1/1934,191.0758297
11/1/1934,190.8356445
12/1/1934,190.6246129
1/1/1935,190.4642349
2/1/1935,190.3373326
3/1/1935,190.0881688
4/1/1935,190.0459443
5/1/1935,190.0388163
6/1/1935,189.8740417
7/1/1935,189.7664545
8/1/1935,189.6423169
9/1/1935,189.55174
10/1/1935,189.4726026
11/1/1935,189.3916139
12/1/1935,189.2835136
1/1/1936,189.1221811
2/1/1936,188.920632
3/1/1936,188.8144422
4/1/1936,188.6864552
5/1/1936,188.4701959
6/1/1936,188.1947895
7/1/1936,188.0902656
8/1/1936,187.8655449
9/1/1936,187.9738302
10/1/1936,187.6288521
11/1/1936,187.5380653
12/1/1936,187.4581449
1/1/1937,187.498426
2/1/1937,187.2919675
3/1/1937,187.0933816
4/1/1937,186.9379814
5/1/1937,186.753378
6/1/1937,186.5964998
7/1/1937,186.5310312
8/1/1937,186.5832018
9/1/1937,186.5190408
10/1/1937,186.4597768
11/1/1937,186.4060795
12/1/1937,186.3547841
1/1/1938,186.4923517
2/1/1938,186.4506124
3/1/1938,186.4175543
4/1/1938,186.3833798
5/1/1938,186.3504697
6/1/1938,186.4328725
7/1/1938,186.3925279
8/1/1938,186.4487352
9/1/1938,186.423184
10/1/1938,186.3141698
11/1/1938,186.2842932
12/1/1938,186.3340572
1/1/1939,186.3063015
2/1/1939,186.2780924
3/1/1939,186.2340755
4/1/1939,186.0944857
5/1/1939,186.0764994
6/1/1939,185.7302438
7/1/1939,185.6930946
8/1/1939,185.6528702
9/1/1939,185.5831439
10/1/1939,185.2762794
11/1/1939,185.1521358
12/1/1939,185.1316649
1/1/1940,184.7498139
2/1/1940,184.6616052
3/1/1940,184.3921781
4/1/1940,184.0455501
5/1/1940,183.739899
6/1/1940,183.1583915
7/1/1940,183.0470484
8/1/1940,183.0695861
9/1/1940,183.0073764
10/1/1940,182.9151386
11/1/1940,182.5285691
12/1/1940,182.3444635
1/1/1941,182.3551016
2/1/1941,182.2769176
3/1/1941,182.3473235
4/1/1941,182.2856375
5/1/1941,182.3265334
6/1/1941,182.2004759
7/1/1941,182.0610586
8/1/1941,182.0162465
9/1/1941,181.7677958
10/1/1941,181.6487263
11/1/1941,181.397513
12/1/1941,181.129487
1/1/1942,180.9848367
2/1/1942,180.7682214
3/1/1942,180.8792795
4/1/1942,180.7543678
5/1/1942,180.5975102
6/1/1942,180.3807842
7/1/1942,180.3876197
8/1/1942,180.3019931
9/1/1942,180.3114505
10/1/1942,180.2243637
11/1/1942,180.2609146
12/1/1942,180.1433582
1/1/1943,179.9379701
2/1/1943,179.8449617
3/1/1943,179.5556488
4/1/1943,179.3276727
5/1/1943,179.3886406
6/1/1943,179.3027101
7/1/1943,179.2170325
8/1/1943,179.1713361
9/1/1943,178.9935413
10/1/1943,178.8642357
11/1/1943,178.6732639
12/1/1943,178.5114664
1/1/1944,178.3582769
2/1/1944,177.8574882
3/1/1944,177.8516697
4/1/1944,177.6263714
5/1/1944,177.1444117
6/1/1944,176.7592691
7/1/1944,176.596003
8/1/1944,176.1146572
9/1/1944,175.7738114
10/1/1944,175.6906482
11/1/1944,175.4978493
12/1/1944,174.8122279
1/1/1945,173.9479895
2/1/1945,173.7584578
3/1/1945,173.5392647
4/1/1945,173.3832148
5/1/1945,173.2442951
6/1/1945,172.8815119
7/1/1945,172.7413317
8/1/1945,172.5793315
9/1/1945,172.4352524
10/1/1945,172.2208843
11/1/1945,171.9839267
12/1/1945,171.7074969
1/1/1946,171.5240278
2/1/1946,171.3652244
3/1/1946,171.2929975
4/1/1946,171.2874056
5/1/1946,171.2956659
6/1/1946,171.1233297
7/1/1946,171.1075777
8/1/1946,170.9842525
9/1/1946,170.7598798
10/1/1946,170.5454232
11/1/1946,170.2785472
12/1/1946,170.3309092
1/1/1947,170.3172969
2/1/1947,170.1609213
3/1/1947,169.9119841
4/1/1947,169.6562186
5/1/1947,169.4985815
6/1/1947,168.9810005
7/1/1947,168.7363152
8/1/1947,168.4897242
9/1/1947,168.6656389
10/1/1947,168.6958573
11/1/1947,168.7091727
12/1/1947,168.5985343
1/1/1948,168.4761005
2/1/1948,168.099068
3/1/1948,168.0755726
4/1/1948,167.9573112
5/1/1948,167.5831282
6/1/1948,167.4624326
7/1/1948,167.2228624
8/1/1948,167.0929292
9/1/1948,166.9990953
10/1/1948,166.9406603
11/1/1948,166.8094509
12/1/1948,166.7115155
1/1/1949,166.7060103
2/1/1949,166.5754963
3/1/1949,166.0911428
4/1/1949,165.5361384
5/1/1949,165.2617509
6/1/1949,164.3278176
7/1/1949,163.3543313
8/1/1949,162.6705644
9/1/1949,162.3553042
10/1/1949,161.9894966
11/1/1949,161.357372
12/1/1949,160.8977771
1/1/1950,160.2038364
2/1/1950,158.5219898
3/1/1950,156.6987777
4/1/1950,156.0599014
5/1/1950,154.6760055
6/1/1950,153.1535764
7/1/1950,151.2832222
8/1/1950,150.2639145
9/1/1950,149.1071106
10/1/1950,148.0384816
11/1/1950,147.3757438
12/1/1950,146.9716009
1/1/1951,145.9426623
2/1/1951,146.066696
3/1/1951,145.5068513
4/1/1951,144.9157467
5/1/1951,144.5141907
6/1/1951,144.2341873
7/1/1951,143.8728502
8/1/1951,143.6251555
9/1/1951,143.3960082
10/1/1951,143.1767529
11/1/1951,142.8181962
12/1/1951,142.7355761
1/1/1952,142.636255
2/1/1952,142.4239929
3/1/1952,141.8302965
4/1/1952,141.7188843
5/1/1952,141.463655
6/1/1952,140.8576457
7/1/1952,140.7822259
8/1/1952,140.5087148
9/1/1952,140.2239799
10/1/1952,139.969644
11/1/1952,139.8751987
12/1/1952,139.7899156
1/1/1953,139.3834818
2/1/1953,139.1154636
3/1/1953,139.0809173
4/1/1953,139.0098223
5/1/1953,138.73056
6/1/1953,138.5926974
7/1/1953,138.4635469
8/1/1953,138.2365844
9/1/1953,137.8949955
10/1/1953,137.6670306
11/1/1953,137.4476035
12/1/1953,137.2284594
1/1/1954,137.0168917
2/1/1954,136.7982567
3/1/1954,136.5456039
4/1/1954,135.90736
5/1/1954,135.6786866
6/1/1954,135.4454935
7/1/1954,135.3764532
8/1/1954,135.1619906
9/1/1954,134.9577109
10/1/1954,134.7685374
11/1/1954,134.4176275
12/1/1954,134.0791468
1/1/1955,133.750883
2/1/1955,133.5711874
3/1/1955,133.4119189
4/1/1955,133.2399107
5/1/1955,133.0785638
6/1/1955,132.912245
7/1/1955,132.7548548
8/1/1955,132.5857738
9/1/1955,132.2855941
10/1/1955,132.1385479
11/1/1955,131.9848065
12/1/1955,131.8314248
1/1/1956,131.6828802
2/1/1956,131.531447
3/1/1956,131.5481499
4/1/1956,131.4087731
5/1/1956,131.2741506
6/1/1956,131.2837913
7/1/1956,131.0244736
8/1/1956,131.2071109
9/1/1956,130.7801406
10/1/1956,130.8185797
11/1/1956,130.7143415
12/1/1956,130.6183731
1/1/1957,130.5257144
2/1/1957,130.4399328
3/1/1957,130.3672863
4/1/1957,130.2932328
5/1/1957,130.0848646
6/1/1957,129.8713567
7/1/1957,129.8150923
8/1/1957,129.760069
9/1/1957,129.7079889
10/1/1957,129.6606695
11/1/1957,129.6155505
12/1/1957,129.5745729
1/1/1958,129.534638
2/1/1958,129.4967048
3/1/1958,129.463897
4/1/1958,129.4293334
5/1/1958,129.3976594
6/1/1958,129.3664561
7/1/1958,129.3376746
8/1/1958,129.3090767
9/1/1958,129.2817233
10/1/1958,129.2564252
11/1/1958,129.2317358
12/1/1958,129.2090773
1/1/1959,129.1865917
2/1/1959,129.164632
3/1/1959,129.1451058
4/1/1959,129.1234318
5/1/1959,129.102054
6/1/1959,129.0796793
7/1/1959,129.0579562
8/1/1959,129.0351852
9/1/1959,129.0118979
10/1/1959,128.9886857
11/1/1959,128.963778
12/1/1959,128.9384552
1/1/1960,128.9104998
2/1/1960,128.9922384
3/1/1960,128.9596428
4/1/1960,128.9228847
5/1/1960,128.7487998
6/1/1960,128.7096532
7/1/1960,128.6708039
8/1/1960,128.7774994
9/1/1960,128.7364527
10/1/1960,128.696732
11/1/1960,128.655851
12/1/1960,128.6167054
1/1/1961,128.57618
2/1/1961,128.5360916
3/1/1961,128.5004169
4/1/1961,128.4616679
5/1/1961,128.4250363
6/1/1961,128.3876782
7/1/1961,128.3528616
8/1/1961,128.3179568
9/1/1961,128.2831332
10/1/1961,128.2500375
11/1/1961,128.2169188
12/1/1961,128.1860132
1/1/1962,128.1554413
2/1/1962,128.1256256
3/1/1962,127.9537291
4/1/1962,127.9259273
5/1/1962,127.9001022
6/1/1962,127.8749695
7/1/1962,127.8520735
8/1/1962,127.9768138
9/1/1962,127.9557534
10/1/1962,127.9364662
11/1/1962,127.9179187
12/1/1962,127.9011974
1/1/1963,127.8848055
2/1/1963,127.8692032
3/1/1963,127.8558018
4/1/1963,127.8418685
5/1/1963,127.8291837
6/1/1963,127.8169247
7/1/1963,127.8058071
8/1/1963,127.7949943
9/1/1963,127.7845378
10/1/1963,127.7748918
11/1/1963,127.7655385
12/1/1963,127.7570332
1/1/1964,127.7486214
2/1/1964,127.7406698
3/1/1964,127.733561
4/1/1964,127.7262859
5/1/1964,127.7195029
6/1/1964,127.7127478
7/1/1964,127.7064142
8/1/1964,127.7000796
9/1/1964,127.6939713
10/1/1964,127.6882983
11/1/1964,127.6827508
12/1/1964,127.6775827
1/1/1965,127.6724665
2/1/1965,127.6675469
3/1/1965,127.6632405
4/1/1965,127.6586347
5/1/1965,127.6543282
6/1/1965,127.6499886
7/1/1965,127.7888481
8/1/1965,127.7845946
9/1/1965,127.7803878
10/1/1965,127.7763965
11/1/1965,127.7723315
12/1/1965,127.7684439
1/1/1966,127.8959556
2/1/1966,127.8919729
3/1/1966,127.8883868
4/1/1966,127.8844319
5/1/1966,127.8806201
6/1/1966,127.8767011
7/1/1966,127.8729295
8/1/1966,127.869069
9/1/1966,127.8652627
10/1/1966,127.8616404
11/1/1966,127.8579192
12/1/1966,127.8543255
1/1/1967,127.8506293
2/1/1967,127.8469842
3/1/1967,127.8436485
4/1/1967,127.8398582
5/1/1967,127.8361465
6/1/1967,127.8323944
7/1/1967,127.8288336
8/1/1967,127.8252273
9/1/1967,127.8216446
10/1/1967,127.8182063
11/1/1967,127.8146962
12/1/1967,127.8113745
1/1/1968,127.8080187
2/1/1968,127.8045395
3/1/1968,127.8013652
4/1/1968,127.798069
5/1/1968,127.7949432
6/1/1968,127.7916834
7/1/1968,127.9206886
8/1/1968,127.9172357
9/1/1968,127.9132366
10/1/1968,127.9090296
11/1/1968,127.9044833
12/1/1968,127.8999596
1/1/1969,127.8951962
2/1/1969,127.8903702
3/1/1969,127.8859682
4/1/1969,127.8810488
5/1/1969,127.87618
6/1/1969,127.8709875
7/1/1969,127.8651185
8/1/1969,127.8590157
9/1/1969,127.8528132
10/1/1969,127.8468389
11/1/1969,127.8408064
12/1/1969,127.8349532
1/1/1970,127.8287056
2/1/1970,127.8223826
3/1/1970,127.8166759
4/1/1970,127.8104942
5/1/1970,127.8048748
6/1/1970,127.7990772
7/1/1970,127.793476
8/1/1970,127.7876864
9/1/1970,127.7818766
10/1/1970,127.7762255
11/1/1970,127.7697831
12/1/1970,127.7631379
1/1/1971,127.7549768
2/1/1971,127.7456778
3/1/1971,127.7364684
4/1/1971,127.7248059
5/1/1971,127.7118996
6/1/1971,127.6968828
7/1/1971,127.6814562
8/1/1971,127.6647193
9/1/1971,127.6459516
10/1/1971,127.6214413
11/1/1971,127.4839727
12/1/1971,127.5805543
1/1/1972,127.4367255
2/1/1972,127.4000175
3/1/1972,127.5464022
4/1/1972,127.3261551
5/1/1972,127.2519246
6/1/1972,127.3310883
7/1/1972,127.1516031
8/1/1972,126.9408376
9/1/1972,126.8573078
10/1/1972,126.7776047
11/1/1972,126.6945452
12/1/1972,126.4509677
1/1/1973,126.4981075
2/1/1973,126.4050383
3/1/1973,126.3080347
4/1/1973,126.1791204
5/1/1973,125.8449462
6/1/1973,125.6601415
7/1/1973,125.2461739
8/1/1973,124.9724561
9/1/1973,124.8120516
10/1/1973,124.3717671
11/1/1973,124.13495
12/1/1973,123.5229083
1/1/1974,123.3233344
2/1/1974,123.1807733
3/1/1974,123.0788383
4/1/1974,122.8094082
5/1/1974,122.3748341
6/1/1974,122.3595714
7/1/1974,122.0430402
8/1/1974,121.8787791
9/1/1974,121.7112001
10/1/1974,121.3236092
11/1/1974,121.1794371
12/1/1974,120.7362339
1/1/1975,120.6068349
2/1/1975,120.4797654
3/1/1975,120.3680054
4/1/1975,120.4027996
5/1/1975,120.2923473
6/1/1975,120.1810375
7/1/1975,120.0775715
8/1/1975,119.9766248
9/1/1975,119.7179238
10/1/1975,119.4597074
11/1/1975,119.3796404
12/1/1975,119.1575621
1/1/1976,119.0924407
2/1/1976,118.885309
3/1/1976,118.8354313
4/1/1976,118.7866408
5/1/1976,118.7430601
6/1/1976,118.7022464
7/1/1976,118.5683718
8/1/1976,118.5337914
9/1/1976,118.5011568
10/1/1976,118.4706527
11/1/1976,118.4389646
12/1/1976,118.4081916
1/1/1977,118.3748456
2/1/1977,118.2001192
3/1/1977,118.000173
4/1/1977,117.5263527
5/1/1977,116.7628914
6/1/1977,116.0422581
7/1/1977,114.5622962
8/1/1977,113.5070802
9/1/1977,112.5868785
10/1/1977,111.6344738
11/1/1977,111.1629341
12/1/1977,110.6589176
1/1/1978,110.5352164
2/1/1978,110.2691205
3/1/1978,110.2517366
4/1/1978,109.8299425
5/1/1978,109.705648
6/1/1978,109.4521451
7/1/1978,109.2039997
8/1/1978,108.7935862
9/1/1978,108.3504259
10/1/1978,108.0629479
11/1/1978,107.932489
12/1/1978,107.811381
1/1/1979,107.5205352
2/1/1979,107.4422037
3/1/1979,107.2282083
4/1/1979,107.1635067
5/1/1979,106.9412743
6/1/1979,106.7150211
7/1/1979,106.4471112
8/1/1979,106.2290548
9/1/1979,106.0113281
10/1/1979,105.7902172
11/1/1979,105.5690897
12/1/1979,105.3617804
1/1/1980,105.2054896
2/1/1980,104.9391822
3/1/1980,104.7441606
4/1/1980,104.5381033
5/1/1980,104.3400572
6/1/1980,104.1377372
7/1/1980,103.943301
8/1/1980,103.5642768
9/1/1980,103.1808916
10/1/1980,102.9942259
11/1/1980,102.9339248
12/1/1980,102.7548124
1/1/1981,102.3992206
2/1/1981,102.2228074
3/1/1981,101.8956425
4/1/1981,101.7268797
5/1/1981,101.5671335
6/1/1981,101.4062236
7/1/1981,101.2541482
8/1/1981,101.1010199
9/1/1981,100.9513828
10/1/1981,100.6825959
11/1/1981,100.5404347
12/1/1981,100.4060549
1/1/1982,100.2706434
2/1/1982,100.1390894
3/1/1982,100.0237808
4/1/1982,100.0279918
5/1/1982,99.91331821
6/1/1982,99.79910549
7/1/1982,99.69221654
8/1/1982,99.58551298
9/1/1982,99.48297784
10/1/1982,99.38815086
11/1/1982,99.2952425
12/1/1982,99.21001643
1/1/1983,99.12675896
2/1/1983,98.88642692
3/1/1983,98.6620123
4/1/1983,98.59449996
5/1/1983,98.533691
6/1/1983,98.32052114
7/1/1983,98.26737187
8/1/1983,98.21602356
9/1/1983,98.16832858
10/1/1983,98.12509653
11/1/1983,98.08335945
12/1/1983,98.04546304
1/1/1984,98.00845376
2/1/1984,97.97334684
3/1/1984,97.94200167
4/1/1984,97.9099751
5/1/1984,97.88015116
6/1/1984,97.85036281
7/1/1984,97.82225368
8/1/1984,97.79377186
9/1/1984,97.76595025
10/1/1984,97.73959108
11/1/1984,97.71290803
12/1/1984,97.68762869
1/1/1985,97.66210247
2/1/1985,97.63722228
3/1/1985,97.61525229
4/1/1985,97.59156148
5/1/1985,97.56917199
6/1/1985,97.54656808
7/1/1985,97.52517671
8/1/1985,97.50364596
9/1/1985,97.48260072
10/1/1985,97.46263389
11/1/1985,97.44216599
12/1/1985,97.42247775
1/1/1986,97.4024768
2/1/1986,97.38284601
3/1/1986,97.36546611
4/1/1986,97.34676414
5/1/1986,97.32900612
6/1/1986,97.31104736
7/1/1986,97.29396611
8/1/1986,97.27660308
9/1/1986,97.25960618
10/1/1986,97.24369167
11/1/1986,97.22772525
12/1/1986,97.21264669
1/1/1987,97.19736111
2/1/1987,97.18277185
3/1/1987,97.17025657
4/1/1987,97.15672134
5/1/1987,97.14382528
6/1/1987,97.13083319
7/1/1987,97.11852163
8/1/1987,97.10604599
9/1/1987,97.09390919
10/1/1987,97.08250136
11/1/1987,97.07109172
12/1/1987,97.06039169
1/1/1988,97.04963014
2/1/1988,97.03881228
3/1/1988,97.02785472
4/1/1988,96.8269354
5/1/1988,96.81361444
6/1/1988,96.79814892
7/1/1988,96.78169785
8/1/1988,96.7619304
9/1/1988,96.73970745
10/1/1988,96.71745629
11/1/1988,96.69223828
12/1/1988,96.66616482
1/1/1989,96.63730819
2/1/1989,96.60717118
3/1/1989,96.57931312
4/1/1989,96.54817218
5/1/1989,96.51785906
6/1/1989,96.48625924
7/1/1989,96.45568595
8/1/1989,96.42463649
9/1/1989,96.39427942
10/1/1989,96.36564522
11/1/1989,96.33686198
12/1/1989,96.30915414
1/1/1990,96.2804507
2/1/1990,96.25155502
3/1/1990,96.22545536
4/1/1990,96.19626964
5/1/1990,96.16730471
6/1/1990,96.13622156
7/1/1990,96.10461293
8/1/1990,96.25636204
9/1/1990,96.21944268
10/1/1990,96.18182266
11/1/1990,96.14119187
12/1/1990,96.09997061
1/1/1991,96.05561839
2/1/1991,96.00951064
3/1/1991,95.96622626
4/1/1991,95.91762043
5/1/1991,95.72776057
6/1/1991,95.67679838
7/1/1991,95.62584456
8/1/1991,95.5716824
9/1/1991,95.51601065
10/1/1991,95.46150553
11/1/1991,95.40479921
12/1/1991,95.34939368
1/1/1992,95.29249509
2/1/1992,95.11860558
3/1/1992,95.0668356
4/1/1992,95.01243994
5/1/1992,94.96068908
6/1/1992,94.90793162
7/1/1992,94.85791073
8/1/1992,94.80743107
9/1/1992,94.75836455
10/1/1992,94.71203458
11/1/1992,94.66523987
12/1/1992,94.62073424
1/1/1993,94.57567798
2/1/1993,94.53223231
3/1/1993,94.49401784
4/1/1993,94.45305374
5/1/1993,94.41436819
6/1/1993,94.37528839
7/1/1993,94.33831104
8/1/1993,94.30078929
9/1/1993,94.26391591
10/1/1993,94.22857162
11/1/1993,94.19243426
12/1/1993,94.15785245
1/1/1994,94.12260652
2/1/1994,94.08810826
3/1/1994,94.05761314
4/1/1994,94.02478039
5/1/1994,93.99421031
6/1/1994,93.96370825
7/1/1994,93.93526912
8/1/1994,93.90683568
9/1/1994,93.87941081
10/1/1994,93.85396884
11/1/1994,93.82871287
12/1/1994,93.80497109
1/1/1995,93.78122359
2/1/1995,93.75844693
3/1/1995,93.73854105
4/1/1995,93.71754411
5/1/1995,93.69810325
6/1/1995,93.67862714
7/1/1995,93.66033317
8/1/1995,93.64190364
9/1/1995,93.62392804
10/1/1995,93.60688729
11/1/1995,93.58960817
12/1/1995,93.57316724
1/1/1996,93.55643858
2/1/1996,93.54000128
3/1/1996,93.52483541
4/1/1996,93.50879782
5/1/1996,93.49343139
6/1/1996,93.47766519
7/1/1996,93.46248107
8/1/1996,93.44686743
9/1/1996,93.43121146
10/1/1996,93.41582505
11/1/1996,93.3997903
12/1/1996,93.38380597
1/1/1997,93.36722382
2/1/1997,93.35088704
3/1/1997,93.33646655
4/1/1997,93.32059473
5/1/1997,93.30540041
6/1/1997,93.29002681
7/1/1997,93.27548899
8/1/1997,93.26090824
9/1/1997,93.42349466
10/1/1997,93.41000771
11/1/1997,93.39647869
12/1/1997,93.38377238
1/1/1998,93.37104061
2/1/1998,93.35867929
3/1/1998,93.34778069
4/1/1998,93.33610661
5/1/1998,93.32536235
6/1/1998,93.31480107
7/1/1998,93.30521527
8/1/1998,93.29633891
9/1/1998,93.28839688
10/1/1998,93.28146981
11/1/1998,93.2747566
12/1/1998,93.26866914
1/1/1999,93.26283728
2/1/1999,93.25744226
3/1/1999,93.25288759
4/1/1999,93.24824535
5/1/1999,93.24408062
6/1/1999,93.24005279
7/1/1999,93.23636626
8/1/1999,93.23273511
9/1/1999,93.39991111
10/1/1999,93.39620181
11/1/1999,93.39239079
12/1/1999,93.3886102
1/1/2000,93.3844949
2/1/2000,93.38024939
3/1/2000,93.37606313
4/1/2000,93.371317
5/1/2000,93.36618211
6/1/2000,93.36086207
7/1/2000,93.26322323
8/1/2000,93.25709316
9/1/2000,93.25000932
10/1/2000,93.24278139
11/1/2000,93.23492045
12/1/2000,93.22669962
1/1/2001,93.21765768
2/1/2001,93.20834122
3/1/2001,93.19988352
4/1/2001,93.1903509
5/1/2001,93.18087155
6/1/2001,93.17088191
7/1/2001,93.1606449
8/1/2001,93.14919473
9/1/2001,93.13725827
10/1/2001,92.92915175
11/1/2001,92.99107887
12/1/2001,92.85159567
1/1/2002,93.05670445
2/1/2002,92.51218188
3/1/2002,91.40117286
4/1/2002,89.79809408
5/1/2002,87.6684045
6/1/2002,85.34808644
7/1/2002,83.4718547
8/1/2002,80.67180415
9/1/2002,77.41203102
10/1/2002,74.69359673
11/1/2002,72.10748561
12/1/2002,71.7901941
1/1/2003,71.49585951
2/1/2003,71.31275836
3/1/2003,71.26555957
4/1/2003,71.08544229
5/1/2003,70.80145951
6/1/2003,70.52147962
7/1/2003,70.36765392
8/1/2003,70.20792034
9/1/2003,70.04253805
10/1/2003,69.99610957
11/1/2003,69.82361434
12/1/2003,69.65139737
1/1/2004,69.46771779
2/1/2004,69.43971173
3/1/2004,69.25902597
4/1/2004,69.05993242
5/1/2004,68.85859322
6/1/2004,68.82032058
7/1/2004,68.38159129
8/1/2004,67.9249645
9/1/2004,67.3020382
10/1/2004,66.34853324
11/1/2004,64.95685
12/1/2004,64.02192138
1/1/2005,63.46785738
2/1/2005,63.01068691
3/1/2005,62.77787446
4/1/2005,62.40689735
5/1/2005,62.3105418
6/1/2005,62.12839202
7/1/2005,61.73686765
8/1/2005,61.32972306
9/1/2005,60.69299603
10/1/2005,60.26144964
11/1/2005,59.75325101
12/1/2005,59.22772345
1/1/2006,58.55502724
2/1/2006,58.12616302
3/1/2006,57.99708596
4/1/2006,57.45769738
5/1/2006,56.91014302
6/1/2006,56.41057287
7/1/2006,55.97241037
8/1/2006,55.6518202
9/1/2006,55.24178257
10/1/2006,55.01999983
11/1/2006,54.85214922
12/1/2006,54.47498935
1/1/2007,54.08569468
2/1/2007,53.69399359
3/1/2007,53.33912109
4/1/2007,52.94491077
5/1/2007,52.555483
6/1/2007,51.82852686
7/1/2007,49.70633322
8/1/2007,46.77806674
9/1/2007,43.12434101
10/1/2007,39.13547911
11/1/2007,35.29905416
12/1/2007,33.17319392
1/1/2008,32.40049516
2/1/2008,31.81419536
3/1/2008,31.1098686
4/1/2008,30.6584722
5/1/2008,30.24310941
6/1/2008,29.66955303
7/1/2008,29.24827571
8/1/2008,28.81021723
9/1/2008,28.37044031
10/1/2008,28.21351604
11/1/2008,27.76873647
12/1/2008,27.53527198
1/1/2009,27.08817416
2/1/2009,26.64012112
3/1/2009,26.235451
4/1/2009,25.99379861
5/1/2009,25.56543888
6/1/2009,25.3375411
7/1/2009,24.9190606
8/1/2009,24.49368679
9/1/2009,24.07724294
10/1/2009,23.68434294
11/1/2009,23.29029939
12/1/2009,22.92215583
1/1/2010,22.03611428
2/1/2010,21.68779417
3/1/2010,21.38926706
4/1/2010,20.66873901
5/1/2010,20.39116957
6/1/2010,19.92509637
7/1/2010,19.68362845
8/1/2010,19.44836846
9/1/2010,19.2261241
10/1/2010,19.02254752
11/1/2010,18.8231032
12/1/2010,18.44679494
1/1/2011,18.26742522
2/1/2011,18.09743997
3/1/2011,17.76344701
4/1/2011,17.61104901
5/1/2011,17.47131346
6/1/2011,17.334062
7/1/2011,17.20758589
8/1/2011,17.08281005
9/1/2011,16.96333616
10/1/2011,16.85199499
11/1/2011,16.47715621
12/1/2011,16.37370756
1/1/2012,16.2700864
2/1/2012,16.1696123
3/1/2012,16.07828001
4/1/2012,15.98369766
5/1/2012,15.8949103
6/1/2012,15.80588112
7/1/2012,15.72216649
8/1/2012,15.63814623
9/1/2012,15.5564857
10/1/2012,15.47951978
11/1/2012,15.40209116
12/1/2012,15.32891377
1/1/2013,15.25499675
2/1/2013,15.18260901
3/1/2013,15.11825923
4/1/2013,15.04810263
5/1/2013,14.98098717
6/1/2013,14.91234289
7/1/2013,14.84640445
8/1/2013,14.77853658
9/1/2013,14.95739464
10/1/2013,14.89031199
11/1/2013,14.82079814
12/1/2013,14.75317069
1/1/2014,14.68293081
2/1/2014,14.61234623
3/1/2014,14.54831964
4/1/2014,14.47718653
5/1/2014,14.40793083
6/1/2014,14.33592808
7/1/2014,14.26630569
8/1/2014,14.19442515
9/1/2014,14.12224486
10/1/2014,14.05283876
11/1/2014,13.98183972
12/1/2014,13.91379475
1/1/2015,13.84426744
2/1/2015,13.77521406
3/1/2015,13.71350921
4/1/2015,13.64589974
5/1/2015,13.58108055
6/1/2015,13.51449974
7/1/2015,13.45026587
8/1/2015,13.38422685
9/1/2015,13.31874258
10/1/2015,13.25599798
11/1/2015,13.19196217
12/1/2015,13.13070244
1/1/2016,13.06823005
2/1/2016,13.00654942
3/1/2016,12.94957652
4/1/2016,12.88942116
5/1/2016,12.83189153
6/1/2016,12.77308872
7/1/2016,12.71628309
8/1/2016,12.65707463
9/1/2016,12.59760247
10/1/2016,12.53990799
11/1/2016,12.48000159
12/1/2016,12.42134821
1/1/2017,12.36031402
2/1/2017,12.29873686
3/1/2017,12.24279592
4/1/2017,12.18038557
5/1/2017,12.11901532
6/1/2017,12.05497148
7/1/2017,11.99251708
8/1/2017,11.92731199
9/1/2017,11.86130281
10/1/2017,11.79705091
11/1/2017,11.73039246
12/1/2017,11.66576636
1/1/2018,11.59901404
2/1/2018,11.53240363
3/1/2018,11.47205942
4/1/2018,11.40541863
5/1/2018,11.3408147
6/1/2018,11.27452995
7/1/2018,11.21039117
8/1/2018,11.14445708
9/1/2018,11.07842033
10/1/2018,11.01424924
11/1/2018,10.94803627
12/1/2018,10.88389411
1/1/2019,10.8177297
2/1/2019,10.51508819
3/1/2019,10.45557253
4/1/2019,10.38944715
5/1/2019,10.32513387
6/1/2019,10.2573873
7/1/2019,10.1911453
8/1/2019,10.12118307
9/1/2019,10.05044454
10/1/2019,9.981348006
11/1/2019,9.909159901
12/1/2019,9.838678916
1/1/2020,9.764845256
2/1/2020,9.689869379
3/1/2020,9.618664563
4/1/2020,9.54138693
5/1/2020,9.465390307
6/1/2020,9.385544078
7/1/2020,9.306445581
8/1/2020,9.053039085
9/1/2020,8.967075758
10/1/2020,8.879728279
11/1/2020,8.784701965
12/1/2020,8.688126287
1/1/2021,8.582683164
2/1/2021,8.47091047
3/1/2021,8.363078685
4/1/2021,8.069182988
5/1/2021,7.93782059
6/1/2021,7.790317832
7/1/2021,7.872069547
8/1/2021,7.977826807
9/1/2021,7.687213819
10/1/2021,7.501214676
11/1/2021,7.298105989
12/1/2021,7.092487062
1/1/2022,6.871320582
2/1/2022,6.814383105
3/1/2022,6.603139698
4/1/2022,6.363499957
5/1/2022,6.127554823
6/1/2022,5.881042778
7/1/2022,5.641039114
8/1/2022,5.39206916
9/1/2022,5.142335318
10/1/2022,4.899876635
11/1/2022,4.648267929
12/1/2022,4.117855984
1/1/2023,3.862702587
2/1/2023,3.606220278
3/1/2023,3.374097654
4/1/2023,3.118710482
5/1/2023,2.876500489
6/1/2023,2.635049378
7/1/2023,2.410163781
8/1/2023,2.185927167
9/1/2023,1.79369717
10/1/2023,1.591117681
11/1/2023,1.387938425
12/1/2023,1.19627839
1/1/2024,1.002110732
2/1/2024,0.811041531
3/1/2024,0.634344663
4/1/2024,0.447126916
5/1/2024,0.095218397
6/1/2024,-0.257235533
7/1/2024,-0.43339192
8/1/2024,-0.614393442
9/1/2024,-0.794411884
10/1/2024,-0.967756162
11/1/2024,-1.145923395
12/1/2024,-1.317434728
1/1/2025,-1.493673808
2/1/2025,-1.669097485
3/1/2025,-1.991229372
4/1/2025,-2.163988346
5/1/2025,-2.330188625
6/1/2025,-2.500847316
7/1/2025,-2.664968814
8/1/2025,-2.83343891
9/1/2025,-3.240628986
10/1/2025,-3.400466655
11/1/2025,-3.564507502
12/1/2025,-3.722196767
1/1/2026,-3.884021769
2/1/2026,-4.04473396
3/1/2026,-4.188991155
4/1/2026,-4.347606946
5/1/2026,-4.500086364
6/1/2026,-4.888817245
7/1/2026,-5.038289454
8/1/2026,-5.191686936
9/1/2026,-5.344038551
10/1/2026,-5.715950384
11/1/2026,-6.300693563
12/1/2026,-6.442571426
1/1/2027,-6.797819124
2/1/2027,-6.941605368
3/1/2027,-7.070693027
4/1/2027,-7.212660092
5/1/2027,-7.349165047
6/1/2027,-7.489287876
7/1/2027,-7.624026811
8/1/2027,-7.762344931
9/1/2027,-7.899761122
10/1/2027,-8.031908871
11/1/2027,-8.167578865
12/1/2027,-8.298054103
1/1/2028,-8.432013434
2/1/2028,-8.565115832
3/1/2028,-8.688887458
4/1/2028,-8.820352894
5/1/2028,-8.946794725
6/1/2028,-9.076621768
7/1/2028,-9.403566842
8/1/2028,-9.531023333
9/1/2028,-9.657674344
10/1/2028,-9.976695991
11/1/2028,-10.10105232
12/1/2028,-10.22066449
1/1/2029,-10.34348777
2/1/2029,-10.46554133
3/1/2029,-10.57515971
4/1/2029,-10.69576435
5/1/2029,-10.81177322
6/1/2029,-10.9309016
7/1/2029,-11.04549227
8/1/2029,-11.32111402
9/1/2029,-11.43751788
10/1/2029,-11.54949167
11/1/2029,-11.66448293
12/1/2029,-11.77510056
1/1/2030,-11.8887022
2/1/2030,-12.00160661
3/1/2030,-12.10302033
4/1/2030,-12.21461367
5/1/2030,-12.32196982
6/1/2030,-12.43222953
7/1/2030,-12.53830542
8/1/2030,-12.64725332
9/1/2030,-12.75554311
10/1/2030,-12.85972857
11/1/2030,-12.96674
12/1/2030,-13.06969854
1/1/2031,-13.1754526
2/1/2031,-13.28057536
3/1/2031,-13.37501364
4/1/2031,-13.47894838
5/1/2031,-13.57895227
6/1/2031,-13.68167714
7/1/2031,-13.78051907
8/1/2031,-13.88205275
9/1/2031,-13.98298823
10/1/2031,-14.08011181
11/1/2031,-14.17988395
12/1/2031,-14.27589027
1/1/2032,-14.37451686
2/1/2032,-14.47256802
3/1/2032,-14.56379335
4/1/2032,-14.66074315
5/1/2032,-14.75403848
6/1/2032,-14.84988522
7/1/2032,-14.64183456
8/1/2032,-14.73673452
9/1/2032,-14.8310914
10/1/2032,-14.92189957
11/1/2032,-15.01519949
12/1/2032,-15.10499213
1/1/2033,-15.38411943
2/1/2033,-15.47531782
3/1/2033,-15.55726898
4/1/2033,-15.64748785
5/1/2033,-15.73431968
6/1/2033,-16.00574312
7/1/2033,-16.09112022
8/1/2033,-16.17884768
9/1/2033,-16.26608308
10/1/2033,-16.35004674
11/1/2033,-16.43632394
12/1/2033,-16.51936668
1/1/2034,-16.60469896
2/1/2034,-16.68955603
3/1/2034,-16.76581585
4/1/2034,-16.84977748
5/1/2034,-16.93059468
6/1/2034,-17.0136437
7/1/2034,-17.09358404
8/1/2034,-17.17573357
9/1/2034,-17.25743086
10/1/2034,-17.33607219
11/1/2034,-17.41688913
12/1/2034,-17.49468454
1/1/2035,-17.57463365
2/1/2035,-17.6541464
3/1/2035,-17.72561058
4/1/2035,-17.80430096
5/1/2035,-17.88005223
6/1/2035,-17.95790358
7/1/2035,-18.03284824
8/1/2035,-18.10987183
9/1/2035,-18.18647911
10/1/2035,-18.26022795
11/1/2035,-18.33602455
12/1/2035,-18.40899429
1/1/2036,-18.48399149
2/1/2036,-18.55858668
3/1/2036,-18.62801974
4/1/2036,-18.70184463
5/1/2036,-18.7729191
6/1/2036,-18.84597149
7/1/2036,-18.91630339
8/1/2036,-18.98859379
9/1/2036,-19.06050091
10/1/2036,-19.12973192
11/1/2036,-19.20089264
12/1/2036,-19.44299498
1/1/2037,-19.51301169
2/1/2037,-19.58266014
3/1/2037,-19.64526974
4/1/2037,-19.71422384
5/1/2037,-19.93042291
6/1/2037,-19.99836842
7/1/2037,-20.06378965
8/1/2037,-20.13103892
9/1/2037,-20.19793786
10/1/2037,-20.26235281
11/1/2037,-20.32856917
12/1/2037,-20.39232778
1/1/2038,-20.45787036
2/1/2038,-20.52307384
3/1/2038,-20.58169232
4/1/2038,-20.64625657
5/1/2038,-20.70842654
6/1/2038,-20.77233828
7/1/2038,-20.83388073
8/1/2038,-20.89714823
9/1/2038,-20.9600915
10/1/2038,-21.02070261
11/1/2038,-21.08301402
12/1/2038,-21.14301747
1/1/2039,-21.20470494
2/1/2039,-21.41195228
3/1/2039,-21.46689504
4/1/2039,-21.62762024
5/1/2039,-21.68590111
6/1/2039,-21.74581965
7/1/2039,-21.80352145
8/1/2039,-21.86284545
9/1/2039,-21.92187029
10/1/2039,-21.97871262
11/1/2039,-22.03715421
12/1/2039,-22.09343551
1/1/2040,-22.15130096
2/1/2040,-22.20887635
3/1/2040,-22.26248481
4/1/2040,-22.3195038
5/1/2040,-22.37441662
6/1/2040,-22.43087672
7/1/2040,-22.48525194
8/1/2040,-22.54116001
9/1/2040,-22.59679014
10/1/2040,-22.65036697
11/1/2040,-22.70545497
12/1/2040,-22.75851016
1/1/2041,-22.81306234
2/1/2041,-22.86734459
3/1/2041,-22.91615466
4/1/2041,-22.96992743
5/1/2041,-23.02171699
6/1/2041,-23.07496896
7/1/2041,-23.12625737
8/1/2041,-23.17899459
9/1/2041,-23.23147261
10/1/2041,-23.28201645
11/1/2041,-23.33398888
12/1/2041,-23.38404622
1/1/2042,-23.14720817
2/1/2042,-23.19872893
3/1/2042,-23.24506006
4/1/2042,-23.29610699
5/1/2042,-23.34527606
6/1/2042,-23.39583871
7/1/2042,-23.44454179
8/1/2042,-23.49462578
9/1/2042,-23.54446859
10/1/2042,-23.59247894
11/1/2042,-23.64185113
12/1/2042,-23.68940861
1/1/2043,-23.73831572
2/1/2043,-23.78698861
3/1/2043,-23.83076119
4/1/2043,-23.8789921
5/1/2043,-23.92545153
6/1/2043,-23.97323072
7/1/2043,-24.01925548
8/1/2043,-24.06658815
9/1/2043,-24.11369592
10/1/2043,-24.15907466
11/1/2043,-23.92446821
12/1/2043,-23.96966284
1/1/2044,-24.01614488
2/1/2044,-24.06240906
3/1/2044,-24.10549881
4/1/2044,-24.15134477
5/1/2044,-24.19551114
6/1/2044,-24.2409367
7/1/2044,-24.28469854
8/1/2044,-24.3297085
9/1/2044,-24.37450907
10/1/2044,-24.41766945
11/1/2044,-24.46206146
12/1/2044,-24.50482857
1/1/2045,-24.54881639
2/1/2045,-24.5926005
3/1/2045,-24.63198209
4/1/2045,-24.6753816
5/1/2045,-24.71719341
6/1/2045,-24.76019964
7/1/2045,-24.80163294
8/1/2045,-24.84425022
9/1/2045,-24.88667142
10/1/2045,-24.92754151
11/1/2045,-24.9695799
12/1/2045,-25.01008144
1/1/2046,-25.05174104
2/1/2046,-25.0932097
3/1/2046,-25.13051025
4/1/2046,-25.17161832
5/1/2046,-25.21122432
6/1/2046,-25.25196362
7/1/2046,-25.29121467
8/1/2046,-25.33158925
9/1/2046,-25.37178001
10/1/2046,-25.41050305
11/1/2046,-25.450335
12/1/2046,-25.48871264
1/1/2047,-25.52818962
2/1/2047,-25.56748764
3/1/2047,-25.60283734
4/1/2047,-25.64179741
5/1/2047,-25.67933572
6/1/2047,-25.71795009
7/1/2047,-25.75515561
8/1/2047,-25.793428
9/1/2047,-25.83152805
10/1/2047,-25.86823855
11/1/2047,-25.90600234
12/1/2047,-25.94238923
1/1/2048,-25.97982049
2/1/2048,-26.01708417
3/1/2048,-26.05179786
4/1/2048,-26.08873982
5/1/2048,-25.85154976
6/1/2048,-25.88847502
7/1/2048,-25.92405655
8/1/2048,-25.96066208
9/1/2048,-25.99710644
10/1/2048,-26.03222502
11/1/2048,-26.06835476
12/1/2048,-26.10317046
1/1/2049,-26.13898893
2/1/2049,-26.17465048
3/1/2049,-26.20673353
4/1/2049,-26.24209874
5/1/2049,-26.27617844
6/1/2049,-26.31124044
7/1/2049,-26.34502823
8/1/2049,-26.37979023
9/1/2049,-26.41440099
10/1/2049,-26.44775436
11/1/2049,-26.48206987
12/1/2049,-26.51513901
1/1/2050,-26.54916238
2/1/2050,-26.58303845
3/1/2050,-26.6135166
4/1/2050,-26.64711443
5/1/2050,-26.67949259
6/1/2050,-26.81065769
7/1/2050,-26.8427617
8/1/2050,-27.03562713
9/1/2050,-27.06831765
10/1/2050,-27.09982202
11/1/2050,-27.13223677
12/1/2050,-27.16347568
1/1/2051,-27.1956176
2/1/2051,-27.22762198
3/1/2051,-27.25641751
4/1/2051,-27.28816215
5/1/2051,-27.31875595
6/1/2051,-27.35023487
7/1/2051,-27.38057285
8/1/2051,-27.41178879
9/1/2051,-27.44287213
10/1/2051,-27.47282918
11/1/2051,-27.50365348
12/1/2051,-27.53336104
1/1/2052,-27.56392879
2/1/2052,-27.5943671
3/1/2052,-27.62272888
4/1/2052,-27.65291843
5/1/2052,-27.68201461
6/1/2052,-27.71195368
7/1/2052,-27.74080861
8/1/2052,-27.77049965
9/1/2052,-27.8000656
10/1/2052,-27.82856123
11/1/2052,-27.85788285
12/1/2052,-27.88614317
1/1/2053,-27.91522287
2/1/2053,-27.94418054
3/1/2053,-27.97023677
4/1/2053,-27.99896387
5/1/2053,-28.02665163
6/1/2053,-28.05514263
7/1/2053,-28.08260299
8/1/2053,-28.11086014
9/1/2053,-28.13899929
10/1/2053,-28.16612074
11/1/2053,-28.19402939
12/1/2053,-28.2209289
1/1/2054,-28.24860943
2/1/2054,-28.27617493
3/1/2054,-28.45463188
4/1/2054,-28.48181438
5/1/2054,-28.50801441
6/1/2054,-28.27417723
7/1/2054,-28.30043901
8/1/2054,-28.32746507
9/1/2054,-28.35438057
10/1/2054,-28.3803248
11/1/2054,-28.40702441
12/1/2054,-28.43276078
1/1/2055,-28.4592467
2/1/2055,-28.48562482
3/1/2055,-28.50936265
4/1/2055,-28.53553699
5/1/2055,-28.56076744
6/1/2055,-28.58673309
7/1/2055,-28.61176252
8/1/2055,-28.63752146
9/1/2055,-28.66317611
10/1/2055,-28.68790599
11/1/2055,-28.71335694
12/1/2055,-28.73789065
1/1/2056,-28.7631399
2/1/2056,-28.78828741
3/1/2056,-28.81172388
4/1/2056,-28.83667589
5/1/2056,-28.8607291
6/1/2056,-28.8854843
7/1/2056,-28.90934797
8/1/2056,-28.93390829
9/1/2056,-28.95837027
10/1/2056,-28.98195147
11/1/2056,-29.00622128
12/1/2056,-29.02961739
1/1/2057,-29.05369688
2/1/2057,-29.07768036
3/1/2057,-29.09926486
4/1/2057,-29.12306685
5/1/2057,-29.14601233
6/1/2057,-29.16962842
7/1/2057,-29.19239484
8/1/2057,-29.21582679
9/1/2057,-29.23916586
10/1/2057,-29.2616655
11/1/2057,-29.28482319
12/1/2057,-29.30714818
1/1/2058,-29.33012633
2/1/2058,-29.35301391
3/1/2058,-29.52235328
4/1/2058,-29.54493182
5/1/2058,-29.56669882
6/1/2058,-29.58910294
7/1/2058,-29.61070184
8/1/2058,-29.63293302
9/1/2058,-29.65507688
10/1/2058,-29.67642499
11/1/2058,-29.69839817
12/1/2058,-29.71958187
1/1/2059,-29.74138596
2/1/2059,-29.76310472
3/1/2059,-29.78265234
4/1/2059,-29.80420979
5/1/2059,-29.82499302
6/1/2059,-29.84638536
7/1/2059,-29.86700963
8/1/2059,-29.88823843
9/1/2059,-29.90938471
10/1/2059,-29.92977196
11/1/2059,-29.95075711
12/1/2059,-29.97098919
1/1/2060,-29.99181475
2/1/2060,-30.0125597
3/1/2060,-30.03189601
4/1/2060,-30.05248598
5/1/2060,-30.07233726
6/1/2060,-30.09277103
7/1/2060,-30.11247176
8/1/2060,-30.13275068
9/1/2060,-30.15295154
10/1/2060,-30.17242796
11/1/2060,-30.19247619
12/1/2060,-30.21180556
1/1/2061,-30.23170266
