datetime,Mean CH - layer 3 (Lower Aquifer)
2/1/1901,369.1910911
3/1/1901,369.1858343
4/1/1901,369.1602232
5/1/1901,369.1420765
6/1/1901,369.0937997
7/1/1901,369.0566569
8/1/1901,368.8173152
9/1/1901,368.6018663
10/1/1901,368.3466915
11/1/1901,367.8298056
12/1/1901,367.1224698
1/1/1902,366.3426931
2/1/1902,365.3400148
3/1/1902,364.4741103
4/1/1902,363.5699089
5/1/1902,362.7874724
6/1/1902,362.0504847
7/1/1902,361.3247798
8/1/1902,360.6064859
9/1/1902,359.9060376
10/1/1902,359.2329493
11/1/1902,358.5552234
12/1/1902,358.0516659
1/1/1903,357.62485
2/1/1903,357.2418528
3/1/1903,356.8849317
4/1/1903,356.6038324
5/1/1903,356.3195479
6/1/1903,356.0820276
7/1/1903,355.8872196
8/1/1903,355.7135432
9/1/1903,355.5587997
10/1/1903,355.415908
11/1/1903,355.2068455
12/1/1903,355.0284063
1/1/1904,354.8790068
2/1/1904,354.7851236
3/1/1904,354.6837388
4/1/1904,354.5439246
5/1/1904,354.3798545
6/1/1904,354.1813538
7/1/1904,353.8668243
8/1/1904,353.4790191
9/1/1904,352.7206279
10/1/1904,351.8037204
11/1/1904,350.8498278
12/1/1904,350.2330323
1/1/1905,349.6600521
2/1/1905,349.1546208
3/1/1905,348.6830482
4/1/1905,348.1957991
5/1/1905,347.6313919
6/1/1905,346.815026
7/1/1905,346.056915
8/1/1905,345.5603361
9/1/1905,345.1170745
10/1/1905,344.7033593
11/1/1905,344.2960905
12/1/1905,343.9686716
1/1/1906,343.65699
2/1/1906,343.2927994
3/1/1906,343.0637575
4/1/1906,342.6422128
5/1/1906,342.078112
6/1/1906,341.3879083
7/1/1906,340.7310455
8/1/1906,340.0376101
9/1/1906,339.2100462
10/1/1906,338.0367755
11/1/1906,336.5458402
12/1/1906,335.1036505
1/1/1907,333.6546348
2/1/1907,332.5007822
3/1/1907,331.5164263
4/1/1907,330.5737171
5/1/1907,329.6565043
6/1/1907,328.9081993
7/1/1907,328.169666
8/1/1907,327.4387641
9/1/1907,326.5889978
10/1/1907,325.9226206
11/1/1907,325.2974776
12/1/1907,324.6787748
1/1/1908,324.0814885
2/1/1908,323.3103057
3/1/1908,322.8673971
4/1/1908,322.370794
5/1/1908,321.9472034
6/1/1908,321.3870371
7/1/1908,320.9418391
8/1/1908,320.5910967
9/1/1908,320.3119267
10/1/1908,320.0474511
11/1/1908,319.8082338
12/1/1908,319.5402034
1/1/1909,319.2948251
2/1/1909,319.0706216
3/1/1909,318.9363122
4/1/1909,318.7685775
5/1/1909,318.6169319
6/1/1909,318.4706873
7/1/1909,318.3698807
8/1/1909,318.2765762
9/1/1909,318.1334955
10/1/1909,318.0612266
11/1/1909,317.9635514
12/1/1909,317.874086
1/1/1910,317.7865217
2/1/1910,317.7653178
3/1/1910,317.6590423
4/1/1910,317.6074997
5/1/1910,317.52713
6/1/1910,317.4433095
7/1/1910,317.3873671
8/1/1910,317.2937351
9/1/1910,317.1593583
10/1/1910,317.0786542
11/1/1910,316.9731133
12/1/1910,316.8370969
1/1/1911,316.5665051
2/1/1911,316.3056268
3/1/1911,315.7547539
4/1/1911,314.8460057
5/1/1911,313.84512
6/1/1911,312.5019431
7/1/1911,311.301655
8/1/1911,310.3110421
9/1/1911,309.4242471
10/1/1911,308.6583149
11/1/1911,308.0535524
12/1/1911,307.4860058
1/1/1912,306.8127858
2/1/1912,306.2952163
3/1/1912,305.888233
4/1/1912,305.4392224
5/1/1912,305.0757232
6/1/1912,304.711526
7/1/1912,304.3482088
8/1/1912,303.9379571
9/1/1912,303.4903967
10/1/1912,302.8831013
11/1/1912,302.0366894
12/1/1912,301.1581845
1/1/1913,299.8615928
2/1/1913,298.7025912
3/1/1913,297.6166258
4/1/1913,296.5367645
5/1/1913,295.6489013
6/1/1913,294.8998566
7/1/1913,294.0149081
8/1/1913,293.0754367
9/1/1913,291.8431718
10/1/1913,290.4778611
11/1/1913,289.1247894
12/1/1913,288.0623594
1/1/1914,287.067073
2/1/1914,286.2867047
3/1/1914,285.6308077
4/1/1914,284.9472053
5/1/1914,284.3581305
6/1/1914,283.8362826
7/1/1914,283.3972849
8/1/1914,283.0333807
9/1/1914,282.6668779
10/1/1914,282.3933939
11/1/1914,282.0913306
12/1/1914,281.8435645
1/1/1915,281.5913517
2/1/1915,281.3138015
3/1/1915,281.0819063
4/1/1915,280.8492967
5/1/1915,280.6832878
6/1/1915,280.5318393
7/1/1915,280.36767
8/1/1915,280.1765723
9/1/1915,280.0342253
10/1/1915,279.906186
11/1/1915,279.8481705
12/1/1915,279.7337905
1/1/1916,279.6234215
2/1/1916,279.5516873
3/1/1916,279.4603072
4/1/1916,279.4045504
5/1/1916,279.3207475
6/1/1916,279.2378855
7/1/1916,279.1806993
8/1/1916,279.1438835
9/1/1916,279.0828534
10/1/1916,279.023649
11/1/1916,278.9814109
12/1/1916,278.8897638
1/1/1917,278.795558
2/1/1917,278.7103348
3/1/1917,278.6345505
4/1/1917,278.574155
5/1/1917,278.45857
6/1/1917,278.3656844
7/1/1917,278.2703625
8/1/1917,278.1615454
9/1/1917,278.0426839
10/1/1917,277.9017217
11/1/1917,277.6457253
12/1/1917,277.4623375
1/1/1918,276.9746322
2/1/1918,276.6352361
3/1/1918,276.0228394
4/1/1918,275.2057959
5/1/1918,274.530258
6/1/1918,273.7841781
7/1/1918,272.8560524
8/1/1918,271.7408976
9/1/1918,270.6977776
10/1/1918,269.9525288
11/1/1918,269.2993049
12/1/1918,268.7384757
1/1/1919,268.2106788
2/1/1919,267.744616
3/1/1919,267.414072
4/1/1919,267.0809593
5/1/1919,266.786931
6/1/1919,266.5733234
7/1/1919,266.4341918
8/1/1919,266.3158296
9/1/1919,266.1808348
10/1/1919,266.0627737
11/1/1919,265.9512237
12/1/1919,265.8853327
1/1/1920,265.7888142
2/1/1920,265.6973723
3/1/1920,265.6122334
4/1/1920,265.5104205
5/1/1920,265.3820634
6/1/1920,265.3768439
7/1/1920,265.300721
8/1/1920,265.2274598
9/1/1920,265.0130447
10/1/1920,264.7979057
11/1/1920,264.4774675
12/1/1920,264.0384153
1/1/1921,263.3260474
2/1/1921,262.5360007
3/1/1921,261.7079941
4/1/1921,260.659446
5/1/1921,259.7903523
6/1/1921,259.0153496
7/1/1921,258.0907756
8/1/1921,257.1978788
9/1/1921,256.3240538
10/1/1921,255.2811618
11/1/1921,254.4935442
12/1/1921,253.7232326
1/1/1922,252.7296729
2/1/1922,251.6688389
3/1/1922,250.6676024
4/1/1922,249.3297758
5/1/1922,248.1214464
6/1/1922,246.8275462
7/1/1922,245.5476787
8/1/1922,244.2188518
9/1/1922,243.1659245
10/1/1922,242.2821674
11/1/1922,241.4748256
12/1/1922,240.7383018
1/1/1923,240.0429121
2/1/1923,239.4579894
3/1/1923,239.0081054
4/1/1923,238.5296621
5/1/1923,238.1591616
6/1/1923,237.7546005
7/1/1923,237.38921
8/1/1923,236.9917026
9/1/1923,236.64164
10/1/1923,236.2267709
11/1/1923,235.8481463
12/1/1923,235.5007433
1/1/1924,234.9944629
2/1/1924,234.5949665
3/1/1924,234.18652
4/1/1924,233.7293856
5/1/1924,233.2789413
6/1/1924,232.7613424
7/1/1924,232.2355366
8/1/1924,231.5794682
9/1/1924,231.0342165
10/1/1924,230.5450208
11/1/1924,230.0045779
12/1/1924,229.3359015
1/1/1925,228.4754684
2/1/1925,227.5550856
3/1/1925,226.8099773
4/1/1925,226.0617117
5/1/1925,225.2654479
6/1/1925,224.5194896
7/1/1925,223.8508582
8/1/1925,223.122651
9/1/1925,222.3567412
10/1/1925,221.6132493
11/1/1925,220.8291213
12/1/1925,220.053653
1/1/1926,219.4397932
2/1/1926,218.684394
3/1/1926,218.0448721
4/1/1926,217.4421884
5/1/1926,216.8964848
6/1/1926,216.2540656
7/1/1926,215.6736489
8/1/1926,215.1868913
9/1/1926,214.7535729
10/1/1926,214.3842968
11/1/1926,214.0324696
12/1/1926,213.6163082
1/1/1927,213.146211
2/1/1927,212.8238857
3/1/1927,212.6217846
4/1/1927,212.3697263
5/1/1927,212.2269407
6/1/1927,212.003598
7/1/1927,211.8331384
8/1/1927,211.6707075
9/1/1927,211.519714
10/1/1927,211.3836075
11/1/1927,211.2912611
12/1/1927,211.1711103
1/1/1928,211.0545637
2/1/1928,210.9455823
3/1/1928,210.8804751
4/1/1928,210.7853474
5/1/1928,210.6626009
6/1/1928,210.6260327
7/1/1928,210.5066337
8/1/1928,210.4786386
9/1/1928,210.4092757
10/1/1928,210.3448151
11/1/1928,210.2804603
12/1/1928,210.2198151
1/1/1929,210.1581526
2/1/1929,210.071219
3/1/1929,210.0283171
4/1/1929,209.9428686
5/1/1929,209.8860312
6/1/1929,209.8271153
7/1/1929,209.8051531
8/1/1929,209.7772467
9/1/1929,209.7462634
10/1/1929,209.664238
11/1/1929,209.6402453
12/1/1929,209.6200676
1/1/1930,209.5746181
2/1/1930,209.5587367
3/1/1930,209.5565986
4/1/1930,209.4710721
5/1/1930,209.4545512
6/1/1930,209.3988042
7/1/1930,209.3338101
8/1/1930,209.2376891
9/1/1930,209.179791
10/1/1930,209.160485
11/1/1930,209.1406719
12/1/1930,209.0867325
1/1/1931,208.99671
2/1/1931,208.9442216
3/1/1931,208.8984999
4/1/1931,208.8503946
5/1/1931,208.8063817
6/1/1931,208.7638222
7/1/1931,208.7256829
8/1/1931,208.6897064
9/1/1931,208.6919615
10/1/1931,208.6637496
11/1/1931,208.6730649
12/1/1931,208.6168753
1/1/1932,208.5960799
2/1/1932,208.5773733
3/1/1932,208.461829
4/1/1932,208.4796643
5/1/1932,208.4286762
6/1/1932,208.4136064
7/1/1932,208.3612332
8/1/1932,208.3417824
9/1/1932,208.3074738
10/1/1932,208.233569
11/1/1932,208.2144336
12/1/1932,208.1806592
1/1/1933,208.165314
2/1/1933,208.1266884
3/1/1933,208.1204392
4/1/1933,208.0608944
5/1/1933,207.9912371
6/1/1933,207.920881
7/1/1933,207.8671471
8/1/1933,207.780279
9/1/1933,207.6768463
10/1/1933,207.5337369
11/1/1933,207.4428585
12/1/1933,207.3898854
1/1/1934,207.2737004
2/1/1934,207.1652429
3/1/1934,207.0893868
4/1/1934,206.9749348
5/1/1934,206.9029632
6/1/1934,206.8076401
7/1/1934,206.7777931
8/1/1934,206.7178145
9/1/1934,206.648081
10/1/1934,206.5668055
11/1/1934,206.5079857
12/1/1934,206.4562647
1/1/1935,206.4071842
2/1/1935,206.3249406
3/1/1935,206.2875993
4/1/1935,206.2504675
5/1/1935,206.2183912
6/1/1935,206.18894
7/1/1935,206.1631583
8/1/1935,206.1382005
9/1/1935,206.0759237
10/1/1935,206.0883592
11/1/1935,206.0979955
12/1/1935,206.0465563
1/1/1936,206.0150737
2/1/1936,205.9504731
3/1/1936,205.9148964
4/1/1936,205.8852765
5/1/1936,205.8188598
6/1/1936,205.7631724
7/1/1936,205.6365816
8/1/1936,205.5705929
9/1/1936,205.4719541
10/1/1936,205.3848684
11/1/1936,205.3428816
12/1/1936,205.2319504
1/1/1937,205.0617226
2/1/1937,204.9742737
3/1/1937,204.8399833
4/1/1937,204.6917809
5/1/1937,204.5336995
6/1/1937,204.3713969
7/1/1937,204.2423298
8/1/1937,204.186973
9/1/1937,204.0103582
10/1/1937,203.8964102
11/1/1937,203.7068101
12/1/1937,203.5930206
1/1/1938,203.4281836
2/1/1938,203.3171112
3/1/1938,203.2243595
4/1/1938,203.1694582
5/1/1938,203.0460871
6/1/1938,202.9552086
7/1/1938,202.8495001
8/1/1938,202.7576505
9/1/1938,202.6959861
10/1/1938,202.6380824
11/1/1938,202.5248068
12/1/1938,202.445066
1/1/1939,202.4087542
2/1/1939,202.3501285
3/1/1939,202.2749235
4/1/1939,202.2344846
5/1/1939,202.1855155
6/1/1939,202.1383724
7/1/1939,202.0962086
8/1/1939,202.0672305
9/1/1939,202.028832
10/1/1939,201.9950407
11/1/1939,201.9636515
12/1/1939,201.9359426
1/1/1940,201.8958004
2/1/1940,201.8714345
3/1/1940,201.8505712
4/1/1940,201.8301115
5/1/1940,201.8115079
6/1/1940,201.7931092
7/1/1940,201.7759401
8/1/1940,201.7747311
9/1/1940,201.7582827
10/1/1940,201.7025792
11/1/1940,201.711093
12/1/1940,201.6699318
1/1/1941,201.6532689
2/1/1941,201.6139303
3/1/1941,201.5995971
4/1/1941,201.5982218
5/1/1941,201.5728452
6/1/1941,201.530295
7/1/1941,201.5469129
8/1/1941,201.54603
9/1/1941,201.4684474
10/1/1941,201.439032
11/1/1941,201.4505559
12/1/1941,201.41107
1/1/1942,201.3660581
2/1/1942,201.3218093
3/1/1942,201.3359102
4/1/1942,201.1801634
5/1/1942,201.1114113
6/1/1942,201.0870923
7/1/1942,201.0856758
8/1/1942,200.9800722
9/1/1942,200.8649024
10/1/1942,200.7398824
11/1/1942,200.6577804
12/1/1942,200.6087636
1/1/1943,200.5269904
2/1/1943,200.4404287
3/1/1943,200.3573251
4/1/1943,200.2301058
5/1/1943,200.170986
6/1/1943,200.050959
7/1/1943,199.9475124
8/1/1943,199.83426
9/1/1943,199.77271
10/1/1943,199.6742774
11/1/1943,199.5893195
12/1/1943,199.5139844
1/1/1944,199.4305697
2/1/1944,199.3534767
3/1/1944,199.2997898
4/1/1944,199.2219067
5/1/1944,199.1963754
6/1/1944,199.1474608
7/1/1944,199.1148065
8/1/1944,199.0958211
9/1/1944,199.0689777
10/1/1944,199.0451582
11/1/1944,199.0052213
12/1/1944,198.9814161
1/1/1945,198.9664412
2/1/1945,198.9303345
3/1/1945,198.8905955
4/1/1945,198.8236131
5/1/1945,198.7694646
6/1/1945,198.6753923
7/1/1945,198.628828
8/1/1945,198.6028927
9/1/1945,198.4761818
10/1/1945,198.4046827
11/1/1945,198.3207915
12/1/1945,198.1954109
1/1/1946,198.1110658
2/1/1946,198.0221473
3/1/1946,197.965962
4/1/1946,197.8444349
5/1/1946,197.7259562
6/1/1946,197.6287961
7/1/1946,197.5140255
8/1/1946,197.3966015
9/1/1946,197.3077463
10/1/1946,197.2138495
11/1/1946,197.0903138
12/1/1946,196.9630103
1/1/1947,196.8121119
2/1/1947,196.6945375
3/1/1947,196.6103264
4/1/1947,196.4676877
5/1/1947,196.3023309
6/1/1947,196.1582374
7/1/1947,196.0022674
8/1/1947,195.8298064
9/1/1947,195.7054984
10/1/1947,195.5441207
11/1/1947,195.372321
12/1/1947,195.2098143
1/1/1948,195.1116294
2/1/1948,194.9225318
3/1/1948,194.7636603
4/1/1948,194.5608234
5/1/1948,194.4252568
6/1/1948,194.2537441
7/1/1948,194.0932982
8/1/1948,193.9330333
9/1/1948,193.76671
10/1/1948,193.6453001
11/1/1948,193.485567
12/1/1948,193.3313446
1/1/1949,193.1692766
2/1/1949,193.0025111
3/1/1949,192.8291652
4/1/1949,192.656939
5/1/1949,192.4757753
6/1/1949,192.307204
7/1/1949,192.1197924
8/1/1949,191.9232006
9/1/1949,191.7216843
10/1/1949,191.5231679
11/1/1949,191.2984175
12/1/1949,191.11037
1/1/1950,190.9010806
2/1/1950,190.6475996
3/1/1950,190.4455117
4/1/1950,190.2074829
5/1/1950,189.955288
6/1/1950,189.6950065
7/1/1950,189.4479767
8/1/1950,189.1898311
9/1/1950,188.9597013
10/1/1950,188.714829
11/1/1950,188.445636
12/1/1950,188.1761479
1/1/1951,187.9157692
2/1/1951,187.698593
3/1/1951,187.4595408
4/1/1951,187.2033906
5/1/1951,186.979359
6/1/1951,186.7430842
7/1/1951,186.518197
8/1/1951,186.3148636
9/1/1951,186.07223
10/1/1951,185.8712092
11/1/1951,185.6467969
12/1/1951,185.4191389
1/1/1952,185.220889
2/1/1952,184.9765904
3/1/1952,184.7483657
4/1/1952,184.5599036
5/1/1952,184.359654
6/1/1952,184.143696
7/1/1952,183.9617029
8/1/1952,183.7658444
9/1/1952,183.5690567
10/1/1952,183.3774915
11/1/1952,183.190108
12/1/1952,182.9800751
1/1/1953,182.7898297
2/1/1953,182.5673481
3/1/1953,182.3796232
4/1/1953,182.205139
5/1/1953,182.0234086
6/1/1953,181.868733
7/1/1953,181.7073518
8/1/1953,181.5429124
9/1/1953,181.3572371
10/1/1953,181.1956599
11/1/1953,181.0117842
12/1/1953,180.8304183
1/1/1954,180.6678941
2/1/1954,180.5495677
3/1/1954,180.468829
4/1/1954,180.380081
5/1/1954,180.2957587
6/1/1954,180.2191168
7/1/1954,180.1215815
8/1/1954,180.0212124
9/1/1954,179.8943541
10/1/1954,179.7594341
11/1/1954,179.5928137
12/1/1954,179.4235541
1/1/1955,179.2088453
2/1/1955,179.0229563
3/1/1955,178.8626974
4/1/1955,178.660088
5/1/1955,178.4572008
6/1/1955,178.2594615
7/1/1955,178.0889704
8/1/1955,177.849537
9/1/1955,177.6276022
10/1/1955,177.4011782
11/1/1955,177.2084307
12/1/1955,177.0007188
1/1/1956,176.7838413
2/1/1956,176.5501538
3/1/1956,176.3196313
4/1/1956,176.0986795
5/1/1956,175.883874
6/1/1956,175.6480032
7/1/1956,175.4142953
8/1/1956,175.188334
9/1/1956,174.9607077
10/1/1956,174.7253659
11/1/1956,174.4799807
12/1/1956,174.2295425
1/1/1957,173.9803441
2/1/1957,173.7080564
3/1/1957,173.5060092
4/1/1957,173.2929606
5/1/1957,173.0614473
6/1/1957,172.8048444
7/1/1957,172.5696923
8/1/1957,172.3492556
9/1/1957,172.1013193
10/1/1957,171.8709687
11/1/1957,171.6188509
12/1/1957,171.3652668
1/1/1958,171.1252793
2/1/1958,170.8651291
3/1/1958,170.6450648
4/1/1958,170.3870282
5/1/1958,170.1366923
6/1/1958,169.8523471
7/1/1958,169.5832781
8/1/1958,169.3231794
9/1/1958,169.0625913
10/1/1958,168.8097741
11/1/1958,168.5121329
12/1/1958,168.2568043
1/1/1959,167.9915121
2/1/1959,167.697295
3/1/1959,167.4547747
4/1/1959,167.2010831
5/1/1959,166.9365635
6/1/1959,166.6251567
7/1/1959,166.3349982
8/1/1959,166.0521632
9/1/1959,165.7656785
10/1/1959,165.4597562
11/1/1959,165.1688975
12/1/1959,164.9071015
1/1/1960,164.7807952
2/1/1960,164.6548001
3/1/1960,164.5406903
4/1/1960,164.4409114
5/1/1960,164.303358
6/1/1960,164.1808542
7/1/1960,164.0765882
8/1/1960,163.9112959
9/1/1960,163.652038
10/1/1960,163.384602
11/1/1960,163.0981922
12/1/1960,162.8303871
1/1/1961,162.5543329
2/1/1961,162.370216
3/1/1961,162.2681182
4/1/1961,162.0933428
5/1/1961,161.9150302
6/1/1961,161.70075
7/1/1961,161.4414857
8/1/1961,161.18069
9/1/1961,160.9297368
10/1/1961,160.654158
11/1/1961,160.3344559
12/1/1961,160.0026494
1/1/1962,159.6931157
2/1/1962,159.408749
3/1/1962,159.1054433
4/1/1962,158.8479841
5/1/1962,158.6315447
6/1/1962,158.3627914
7/1/1962,158.1538297
8/1/1962,157.906672
9/1/1962,157.6255592
10/1/1962,157.3717684
11/1/1962,157.0845252
12/1/1962,156.8401586
1/1/1963,156.5974734
2/1/1963,156.4452277
3/1/1963,156.3335389
4/1/1963,156.230225
5/1/1963,156.0696686
6/1/1963,155.9184899
7/1/1963,155.7792577
8/1/1963,155.6350525
9/1/1963,155.4647831
10/1/1963,155.2442423
11/1/1963,155.0000511
12/1/1963,154.7870821
1/1/1964,154.5635372
2/1/1964,154.3741081
3/1/1964,154.2233365
4/1/1964,154.0446324
5/1/1964,153.9126172
6/1/1964,153.7680941
7/1/1964,153.6360098
8/1/1964,153.4997431
9/1/1964,153.3622585
10/1/1964,153.2258965
11/1/1964,153.0261699
12/1/1964,152.8029602
1/1/1965,152.5686566
2/1/1965,152.3497153
3/1/1965,152.1929904
4/1/1965,152.0786335
5/1/1965,151.9499385
6/1/1965,151.8386743
7/1/1965,151.7108344
8/1/1965,151.5698657
9/1/1965,151.4385094
10/1/1965,151.3119499
11/1/1965,151.2082281
12/1/1965,151.1332661
1/1/1966,151.0051373
2/1/1966,150.8781138
3/1/1966,150.7546708
4/1/1966,150.6298459
5/1/1966,150.532006
6/1/1966,150.4097827
7/1/1966,150.2928512
8/1/1966,150.1735564
9/1/1966,150.0558789
10/1/1966,149.9139356
11/1/1966,149.7995187
12/1/1966,149.6732337
1/1/1967,149.5627614
2/1/1967,149.4277555
3/1/1967,149.358224
4/1/1967,149.2433425
5/1/1967,149.1440035
6/1/1967,149.0221663
7/1/1967,148.9563552
8/1/1967,148.8380386
9/1/1967,148.7422817
10/1/1967,148.6513633
11/1/1967,148.5595091
12/1/1967,148.4549523
1/1/1968,148.3678859
2/1/1968,148.2840343
3/1/1968,148.209426
4/1/1968,148.1347873
5/1/1968,148.0674657
6/1/1968,147.981801
7/1/1968,147.9015198
8/1/1968,147.8405184
9/1/1968,147.7800469
10/1/1968,147.7215918
11/1/1968,147.6608848
12/1/1968,147.6015485
1/1/1969,147.5394829
2/1/1969,147.4766514
3/1/1969,147.4195397
4/1/1969,147.355853
5/1/1969,147.2938509
6/1/1969,147.2293566
7/1/1969,147.2160161
8/1/1969,147.1503678
9/1/1969,147.1076278
10/1/1969,147.0390706
11/1/1969,146.9472965
12/1/1969,146.8743228
1/1/1970,146.7765686
2/1/1970,146.699343
3/1/1970,146.6803586
4/1/1970,146.6060934
5/1/1970,146.5330119
6/1/1970,146.4563526
7/1/1970,146.3626492
8/1/1970,146.2844611
9/1/1970,146.2059229
10/1/1970,146.1102596
11/1/1970,146.0317295
12/1/1970,145.9746979
1/1/1971,145.8969652
2/1/1971,145.8431545
3/1/1971,145.7934173
4/1/1971,145.7372925
5/1/1971,145.6643432
6/1/1971,145.5896755
7/1/1971,145.5177731
8/1/1971,145.4447376
9/1/1971,145.3725151
10/1/1971,145.3034012
11/1/1971,145.2328157
12/1/1971,145.1652605
1/1/1972,145.0962062
2/1/1972,145.0278499
3/1/1972,144.9644813
4/1/1972,144.8973788
5/1/1972,144.8330137
6/1/1972,144.7670417
7/1/1972,144.6902863
8/1/1972,144.6248339
9/1/1972,144.5591644
10/1/1972,144.4729963
11/1/1972,144.3807968
12/1/1972,144.2484747
1/1/1973,144.1494128
2/1/1973,144.1128461
3/1/1973,144.0477262
4/1/1973,143.9641859
5/1/1973,143.8984785
6/1/1973,143.8558601
7/1/1973,143.7859683
8/1/1973,143.7333218
9/1/1973,143.6786747
10/1/1973,143.6080301
11/1/1973,143.5171121
12/1/1973,143.4474201
1/1/1974,143.3762843
2/1/1974,143.3062387
3/1/1974,143.2439915
4/1/1974,143.1763385
5/1/1974,143.1402527
6/1/1974,143.1020155
7/1/1974,143.0380114
8/1/1974,142.9718932
9/1/1974,142.9054074
10/1/1974,142.8397232
11/1/1974,142.7701849
12/1/1974,142.6987622
1/1/1975,142.6619644
2/1/1975,142.5857653
3/1/1975,142.5208116
4/1/1975,142.4492947
5/1/1975,142.379761
6/1/1975,142.306912
7/1/1975,142.2345311
8/1/1975,142.1534084
9/1/1975,142.0382193
10/1/1975,141.9098423
11/1/1975,141.7327998
12/1/1975,141.5674062
1/1/1976,141.3982209
2/1/1976,141.2871041
3/1/1976,141.1824891
4/1/1976,141.101953
5/1/1976,141.0236526
6/1/1976,140.9420362
7/1/1976,140.8624652
8/1/1976,140.7791622
9/1/1976,140.6951433
10/1/1976,140.613215
11/1/1976,140.5456355
12/1/1976,140.458376
1/1/1977,140.3660442
2/1/1977,140.2936649
3/1/1977,140.2151964
4/1/1977,140.1125209
5/1/1977,140.0286542
6/1/1977,139.9602124
7/1/1977,139.8745953
8/1/1977,139.7984899
9/1/1977,139.6451297
10/1/1977,139.4699443
11/1/1977,139.2745444
12/1/1977,139.0747342
1/1/1978,138.8763778
2/1/1978,138.6467048
3/1/1978,138.5254926
4/1/1978,138.4342086
5/1/1978,138.3479404
6/1/1978,138.2586356
7/1/1978,138.1720137
8/1/1978,138.0824474
9/1/1978,137.9930086
10/1/1978,137.9067113
11/1/1978,137.817906
12/1/1978,137.7323653
1/1/1979,137.6444714
2/1/1979,137.5572275
3/1/1979,137.4792665
4/1/1979,137.394545
5/1/1979,137.3145095
6/1/1979,137.234068
7/1/1979,137.1578305
8/1/1979,137.0800181
9/1/1979,137.0028595
10/1/1979,136.9285593
11/1/1979,136.8709495
12/1/1979,136.7958003
1/1/1980,136.7001804
2/1/1980,136.6222126
3/1/1980,136.531711
4/1/1980,136.4540109
5/1/1980,136.3784723
6/1/1980,136.3000958
7/1/1980,136.2239847
8/1/1980,136.1450789
9/1/1980,136.0990435
10/1/1980,136.0124857
11/1/1980,135.9120174
12/1/1980,135.7338593
1/1/1981,135.627808
2/1/1981,135.5430111
3/1/1981,135.4692654
4/1/1981,135.3888452
5/1/1981,135.3142588
6/1/1981,135.2473263
7/1/1981,135.1919724
8/1/1981,135.1207084
9/1/1981,135.0768066
10/1/1981,135.0382066
11/1/1981,134.9819344
12/1/1981,134.9472302
1/1/1982,134.943407
2/1/1982,134.9106876
3/1/1982,134.8828419
4/1/1982,134.8545354
5/1/1982,134.8298989
6/1/1982,134.8067205
7/1/1982,134.7858692
8/1/1982,134.7656777
9/1/1982,134.7464238
10/1/1982,134.7285745
11/1/1982,134.7109084
12/1/1982,134.6943566
1/1/1983,134.6776261
2/1/1983,134.6610853
3/1/1983,134.6462698
4/1/1983,134.6300253
5/1/1983,134.6144602
6/1/1983,134.5692162
7/1/1983,134.553998
8/1/1983,134.5384494
9/1/1983,134.5230817
10/1/1983,134.5083849
11/1/1983,134.4933786
12/1/1983,134.4790403
1/1/1984,134.4348178
2/1/1984,134.420434
3/1/1984,134.4071797
4/1/1984,134.3932489
5/1/1984,134.3799959
6/1/1984,134.3665522
7/1/1984,134.3537843
8/1/1984,134.3610411
9/1/1984,134.3483944
10/1/1984,134.3364273
11/1/1984,134.3243628
12/1/1984,134.3129789
1/1/1985,134.3015363
2/1/1985,134.2904215
3/1/1985,134.2806509
4/1/1985,134.2701583
5/1/1985,134.2603006
6/1/1985,134.2504178
7/1/1985,134.2411228
8/1/1985,134.2358369
9/1/1985,134.2267016
10/1/1985,134.2180642
11/1/1985,134.2093316
12/1/1985,134.2010402
1/1/1986,134.1926185
2/1/1986,134.1544634
3/1/1986,134.1470665
4/1/1986,134.1389833
5/1/1986,134.1312536
6/1/1986,134.1233615
7/1/1986,134.1158137
8/1/1986,134.1081137
9/1/1986,134.1005199
10/1/1986,134.0932779
11/1/1986,134.0859186
12/1/1986,134.0789237
1/1/1987,134.0718406
2/1/1987,134.0649098
3/1/1987,134.0587805
4/1/1987,134.0521595
5/1/1987,134.0459171
6/1/1987,134.0396519
7/1/1987,134.0337629
8/1/1987,134.0278592
9/1/1987,133.9986865
10/1/1987,133.9933174
11/1/1987,133.9878784
12/1/1987,133.9826892
1/1/1988,133.9773842
2/1/1988,133.9721192
3/1/1988,133.9672024
4/1/1988,133.9619213
5/1/1988,133.9567784
6/1/1988,133.9514066
7/1/1988,133.9461592
8/1/1988,133.9406651
9/1/1988,133.9350874
10/1/1988,133.9295858
11/1/1988,133.9237838
12/1/1988,133.918049
1/1/1989,133.9119608
2/1/1989,133.9054796
3/1/1989,133.8990702
4/1/1989,133.8917052
5/1/1989,133.8840422
6/1/1989,133.8937506
7/1/1989,133.8836947
8/1/1989,133.8723038
9/1/1989,133.8601723
10/1/1989,133.8471529
11/1/1989,133.8320826
12/1/1989,133.8157457
1/1/1990,133.8271608
2/1/1990,133.7885987
3/1/1990,133.7713267
4/1/1990,133.780455
5/1/1990,133.7617312
6/1/1990,133.742141
7/1/1990,133.7229079
8/1/1990,133.7021322
9/1/1990,133.6797186
10/1/1990,133.6556155
11/1/1990,133.6276009
12/1/1990,133.5968532
1/1/1991,133.522809
2/1/1991,133.482772
3/1/1991,133.4255414
4/1/1991,133.3808049
5/1/1991,133.3353898
6/1/1991,133.2872725
7/1/1991,133.2396024
8/1/1991,133.1887789
9/1/1991,133.1367298
10/1/1991,133.0851851
11/1/1991,133.030997
12/1/1991,132.9776018
1/1/1992,132.9216698
2/1/1992,132.8649119
3/1/1992,132.8111608
4/1/1992,132.7535274
5/1/1992,132.6980186
6/1/1992,132.6411074
7/1/1992,132.5867271
8/1/1992,132.5312396
9/1/1992,132.4762537
10/1/1992,132.4231129
11/1/1992,132.3682514
12/1/1992,132.3150964
1/1/1993,132.2838226
2/1/1993,132.2283045
3/1/1993,132.1607185
4/1/1993,132.0843898
5/1/1993,132.0311403
6/1/1993,131.9771059
7/1/1993,131.9098034
8/1/1993,131.8607194
9/1/1993,131.8154106
10/1/1993,131.7748881
11/1/1993,131.7360574
12/1/1993,131.7013129
1/1/1994,131.6683891
2/1/1994,131.6391327
3/1/1994,131.616543
4/1/1994,131.5956052
5/1/1994,131.5775143
6/1/1994,131.5600944
7/1/1994,131.5436681
8/1/1994,131.5260941
9/1/1994,131.5070013
10/1/1994,131.512698
11/1/1994,131.4863541
12/1/1994,131.4540744
1/1/1995,131.3804715
2/1/1995,131.2056293
3/1/1995,131.1527846
4/1/1995,131.0984278
5/1/1995,131.048616
6/1/1995,130.9789147
7/1/1995,130.9410575
8/1/1995,130.8805324
9/1/1995,130.8152485
10/1/1995,130.7499131
11/1/1995,130.5915086
12/1/1995,130.4833758
1/1/1996,130.3903629
2/1/1996,130.3034987
3/1/1996,130.2418189
4/1/1996,130.1604296
5/1/1996,130.0960799
6/1/1996,130.0287209
7/1/1996,129.9628381
8/1/1996,129.894129
9/1/1996,129.8416371
10/1/1996,129.774231
11/1/1996,129.704184
12/1/1996,129.6360736
1/1/1997,129.5824638
2/1/1997,129.5116128
3/1/1997,129.4733842
4/1/1997,129.4054823
5/1/1997,129.3272054
6/1/1997,129.2541798
7/1/1997,129.188865
8/1/1997,129.141497
9/1/1997,129.0787606
10/1/1997,129.0327424
11/1/1997,129.0105044
12/1/1997,128.9605725
1/1/1998,128.9072016
2/1/1998,128.8525409
3/1/1998,128.8030594
4/1/1998,128.7509995
5/1/1998,128.7069871
6/1/1998,128.668089
7/1/1998,128.6351414
8/1/1998,128.5888439
9/1/1998,128.5642547
10/1/1998,128.5431417
11/1/1998,128.5231245
12/1/1998,128.5049029
1/1/1999,128.4869586
2/1/1999,128.4697138
3/1/1999,128.4546786
4/1/1999,128.4387146
5/1/1999,128.4238115
6/1/1999,128.4089341
7/1/1999,128.3949365
8/1/1999,128.3806739
9/1/1999,128.3664984
10/1/1999,128.3528222
11/1/1999,128.3559592
12/1/1999,128.3421518
1/1/2000,128.3278451
2/1/2000,128.3134187
3/1/2000,128.2999616
4/1/2000,128.2856988
5/1/2000,128.2721554
6/1/2000,128.2583561
7/1/2000,128.245094
8/1/2000,128.2314306
9/1/2000,128.2176472
10/1/2000,128.2042102
11/1/2000,128.1900692
12/1/2000,128.1759226
1/1/2001,128.1599368
2/1/2001,128.1405312
3/1/2001,128.1150937
4/1/2001,128.0299881
5/1/2001,127.9132164
6/1/2001,127.7838459
7/1/2001,127.6288979
8/1/2001,127.4406742
9/1/2001,127.2612477
10/1/2001,127.0658366
11/1/2001,126.8459494
12/1/2001,126.6516897
1/1/2002,126.4770313
2/1/2002,126.3329921
3/1/2002,126.2206358
4/1/2002,126.0818933
5/1/2002,126.0034648
6/1/2002,125.9540137
7/1/2002,125.8825859
8/1/2002,125.7780568
9/1/2002,125.737269
10/1/2002,125.6423403
11/1/2002,125.5682345
12/1/2002,125.4957848
1/1/2003,125.4201989
2/1/2003,125.3441089
3/1/2003,125.2913386
4/1/2003,125.1988312
5/1/2003,125.1252285
6/1/2003,125.0496823
7/1/2003,124.9771791
8/1/2003,124.9029648
9/1/2003,124.8294625
10/1/2003,124.7589793
11/1/2003,124.7045461
12/1/2003,124.6353172
1/1/2004,124.5642937
2/1/2004,124.4937148
3/1/2004,124.4280244
4/1/2004,124.3581148
5/1/2004,124.2906858
6/1/2004,124.2211806
7/1/2004,124.1540226
8/1/2004,124.0846843
9/1/2004,124.0153582
10/1/2004,123.9482428
11/1/2004,123.8788248
12/1/2004,123.795777
1/1/2005,123.7257478
2/1/2005,123.6555019
3/1/2005,123.5913693
4/1/2005,123.5196106
5/1/2005,123.4497641
6/1/2005,123.3616529
7/1/2005,123.3070704
8/1/2005,123.2356229
9/1/2005,123.1635336
10/1/2005,123.0938382
11/1/2005,123.0217849
12/1/2005,122.951871
1/1/2006,122.8795309
2/1/2006,122.8072593
3/1/2006,122.7422135
4/1/2006,122.6708328
5/1/2006,122.6028087
6/1/2006,122.5343363
7/1/2006,122.470515
8/1/2006,122.407768
9/1/2006,122.348785
10/1/2006,122.2956764
11/1/2006,122.2448247
12/1/2006,122.1991707
1/1/2007,122.1557101
2/1/2007,122.1153651
3/1/2007,122.0810174
4/1/2007,122.0449338
5/1/2007,122.0112604
6/1/2007,121.959223
7/1/2007,121.9259082
8/1/2007,121.8903084
9/1/2007,121.8520234
10/1/2007,121.7951301
11/1/2007,121.7490214
12/1/2007,121.7014218
1/1/2008,121.6500784
2/1/2008,121.5970659
3/1/2008,121.5462184
4/1/2008,121.4911114
5/1/2008,121.4541463
6/1/2008,121.3878652
7/1/2008,121.3440979
8/1/2008,121.303301
9/1/2008,121.2661815
10/1/2008,121.2333019
11/1/2008,121.2019957
12/1/2008,121.1737406
1/1/2009,121.1462422
2/1/2009,121.1198818
3/1/2009,121.0965758
4/1/2009,121.071178
5/1/2009,121.0468057
6/1/2009,121.0368403
7/1/2009,121.012181
8/1/2009,120.9863085
9/1/2009,120.9598447
10/1/2009,120.933913
11/1/2009,120.927208
12/1/2009,120.9006045
1/1/2010,120.8727744
2/1/2010,120.8445423
3/1/2010,120.8185858
4/1/2010,120.7334047
5/1/2010,120.7047925
6/1/2010,120.6946422
7/1/2010,120.664931
8/1/2010,120.6337084
9/1/2010,120.6015085
10/1/2010,120.5690357
11/1/2010,120.519243
12/1/2010,120.4841552
1/1/2011,120.4462936
2/1/2011,120.407069
3/1/2011,120.370383
4/1/2011,120.3285689
5/1/2011,120.2870104
6/1/2011,120.2429498
7/1/2011,120.199595
8/1/2011,120.1537816
9/1/2011,120.0923176
10/1/2011,120.0461302
11/1/2011,119.9976637
12/1/2011,119.9500799
1/1/2012,119.9000923
2/1/2012,119.8493598
3/1/2012,119.7814442
4/1/2012,119.7285182
5/1/2012,119.6742219
6/1/2012,119.6291441
7/1/2012,119.561695
8/1/2012,119.4624908
9/1/2012,119.3614407
10/1/2012,119.2353597
11/1/2012,119.1117576
12/1/2012,118.9862008
1/1/2013,118.8802604
2/1/2013,118.7408276
3/1/2013,118.6120056
4/1/2013,118.451831
5/1/2013,118.308784
6/1/2013,118.1588316
7/1/2013,118.0115619
8/1/2013,117.8413447
9/1/2013,117.6829913
10/1/2013,117.5260176
11/1/2013,117.3445965
12/1/2013,117.1638193
1/1/2014,116.9864067
2/1/2014,116.8033861
3/1/2014,116.6650276
4/1/2014,116.4573418
5/1/2014,116.2693971
6/1/2014,116.0734058
7/1/2014,115.8825437
8/1/2014,115.6686257
9/1/2014,115.4688142
10/1/2014,115.2583072
11/1/2014,115.0540254
12/1/2014,114.8531962
1/1/2015,114.6242643
2/1/2015,114.4080653
3/1/2015,114.2092215
4/1/2015,114.0039102
5/1/2015,113.766824
6/1/2015,113.539271
7/1/2015,113.3357173
8/1/2015,113.1055703
9/1/2015,112.889622
10/1/2015,112.6620233
11/1/2015,112.4224114
12/1/2015,112.204576
1/1/2016,111.9224004
2/1/2016,111.661645
3/1/2016,111.3932803
4/1/2016,111.1194866
5/1/2016,110.8529246
6/1/2016,110.5785579
7/1/2016,110.3151795
8/1/2016,110.0455081
9/1/2016,109.7778326
10/1/2016,109.5382015
11/1/2016,109.2903592
12/1/2016,109.0316137
1/1/2017,108.7632606
2/1/2017,108.4941841
3/1/2017,108.2508846
4/1/2017,107.9971003
5/1/2017,107.737145
6/1/2017,107.4696314
7/1/2017,107.2151019
8/1/2017,106.9504548
9/1/2017,106.6873857
10/1/2017,106.434341
11/1/2017,106.1746083
12/1/2017,105.9253638
1/1/2018,105.672115
2/1/2018,105.4272867
3/1/2018,105.217426
4/1/2018,105.0064128
5/1/2018,104.8254945
6/1/2018,104.6494047
7/1/2018,104.4597915
8/1/2018,104.2799902
9/1/2018,104.096581
10/1/2018,103.9314594
11/1/2018,103.7393096
12/1/2018,103.5497819
1/1/2019,103.3700814
2/1/2019,103.1822344
3/1/2019,102.9980835
4/1/2019,102.8485747
5/1/2019,102.7444005
6/1/2019,102.61076
7/1/2019,102.4825789
8/1/2019,102.3500776
9/1/2019,102.2173751
10/1/2019,102.0888518
11/1/2019,101.9560359
12/1/2019,101.8092239
1/1/2020,101.6766764
2/1/2020,101.5168498
3/1/2020,101.3932726
4/1/2020,101.2611705
5/1/2020,101.1458489
6/1/2020,100.9929269
7/1/2020,100.8246481
8/1/2020,100.6106224
9/1/2020,100.4182826
10/1/2020,100.2606774
11/1/2020,100.0584249
12/1/2020,99.85791154
1/1/2021,99.64540684
2/1/2021,99.42761323
3/1/2021,99.22677678
4/1/2021,99.01458345
5/1/2021,98.79123208
6/1/2021,98.57214687
7/1/2021,98.3108026
8/1/2021,98.07058627
9/1/2021,97.82795004
10/1/2021,97.59129665
11/1/2021,97.3452718
12/1/2021,97.10623192
1/1/2022,96.85870535
2/1/2022,96.61116352
3/1/2022,96.38811182
4/1/2022,96.14289587
5/1/2022,95.8855965
6/1/2022,95.64569749
7/1/2022,95.41647772
8/1/2022,95.19904456
9/1/2022,94.96876719
10/1/2022,94.74911303
11/1/2022,94.52535369
12/1/2022,94.29229828
1/1/2023,94.07395995
2/1/2023,93.85758726
3/1/2023,93.66348354
4/1/2023,93.41771676
5/1/2023,93.19691781
6/1/2023,92.98521393
7/1/2023,92.76590377
8/1/2023,92.55454695
9/1/2023,92.34305486
10/1/2023,92.11921361
11/1/2023,91.90698418
12/1/2023,91.73205172
1/1/2024,91.51820137
2/1/2024,91.30323088
3/1/2024,91.10220622
4/1/2024,90.89406622
5/1/2024,90.70348094
6/1/2024,90.49108717
7/1/2024,90.31838836
8/1/2024,90.14467443
9/1/2024,89.9914876
10/1/2024,89.81628151
11/1/2024,89.6543253
12/1/2024,89.4940661
1/1/2025,89.34516837
2/1/2025,89.18128486
3/1/2025,89.04887925
4/1/2025,88.89995619
5/1/2025,88.73302585
6/1/2025,88.57211676
7/1/2025,88.41698014
8/1/2025,88.25727057
9/1/2025,88.08839222
10/1/2025,87.89938195
11/1/2025,87.75457732
12/1/2025,87.60208526
1/1/2026,87.44507508
2/1/2026,87.28862705
3/1/2026,87.14777446
4/1/2026,86.99238275
5/1/2026,86.84251524
6/1/2026,86.68819364
7/1/2026,86.53935298
8/1/2026,86.38608405
9/1/2026,86.2333459
10/1/2026,86.08603112
11/1/2026,85.93433593
12/1/2026,85.78803063
1/1/2027,85.63738016
2/1/2027,85.48726322
3/1/2027,85.32704937
4/1/2027,85.17794266
5/1/2027,85.03414341
6/1/2027,84.86139797
7/1/2027,84.71860108
8/1/2027,84.57156553
9/1/2027,84.42504815
10/1/2027,84.28373924
11/1/2027,84.13823158
12/1/2027,83.99789414
1/1/2028,83.85338509
2/1/2028,83.70938036
3/1/2028,83.57510538
4/1/2028,83.4320691
5/1/2028,83.2941121
6/1/2028,83.15205068
7/1/2028,83.01503262
8/1/2028,82.87393789
9/1/2028,82.73333045
10/1/2028,82.59771194
11/1/2028,82.45805297
12/1/2028,82.33182318
1/1/2029,82.20119897
2/1/2029,82.06271088
3/1/2029,81.93800691
4/1/2029,81.8004067
5/1/2029,81.66767768
6/1/2029,81.53098306
7/1/2029,81.39912465
8/1/2029,81.26332359
9/1/2029,81.12797245
10/1/2029,80.99740608
11/1/2029,80.86293129
12/1/2029,80.73320705
1/1/2030,80.59959599
2/1/2030,80.46641895
3/1/2030,80.34648177
4/1/2030,80.21412216
5/1/2030,80.08642983
6/1/2030,79.95490265
7/1/2030,79.82800981
8/1/2030,79.69730195
9/1/2030,79.60532114
10/1/2030,79.47968928
11/1/2030,79.35027565
12/1/2030,79.23184506
1/1/2031,79.1031387
2/1/2031,78.97483106
3/1/2031,78.85926331
4/1/2031,78.73170591
5/1/2031,78.60862819
6/1/2031,78.48183484
7/1/2031,78.35949146
8/1/2031,78.23345147
9/1/2031,78.10779024
10/1/2031,77.98653502
11/1/2031,77.86161116
12/1/2031,77.74673293
1/1/2032,77.62246273
2/1/2032,77.4985585
3/1/2032,77.38296648
4/1/2032,77.25976425
5/1/2032,77.14087247
6/1/2032,77.01837352
7/1/2032,76.90015701
8/1/2032,76.77835047
9/1/2032,76.69135278
10/1/2032,76.57411635
11/1/2032,76.45331498
12/1/2032,76.33672942
1/1/2033,76.21659644
2/1/2033,76.09680052
3/1/2033,75.98887164
4/1/2033,75.86971283
5/1/2033,75.75470868
6/1/2033,75.63620076
7/1/2033,75.52656485
8/1/2033,75.41326935
9/1/2033,75.29561768
10/1/2033,75.18206708
11/1/2033,75.06505636
12/1/2033,74.95212278
1/1/2034,74.83574631
2/1/2034,74.71969024
3/1/2034,74.61512561
4/1/2034,74.49967474
5/1/2034,74.38824354
6/1/2034,74.27761717
7/1/2034,74.16673046
8/1/2034,74.05245894
9/1/2034,73.93849786
10/1/2034,73.83252141
11/1/2034,73.71911794
12/1/2034,73.60966017
1/1/2035,73.49685926
2/1/2035,73.38436273
3/1/2035,73.2830005
4/1/2035,73.17108028
5/1/2035,73.0630521
6/1/2035,72.95172275
7/1/2035,72.84426436
8/1/2035,72.7335213
9/1/2035,72.62307452
10/1/2035,72.51646704
11/1/2035,72.40660013
12/1/2035,72.30055173
1/1/2036,72.19126024
2/1/2036,72.08225972
3/1/2036,71.98054558
4/1/2036,71.87210617
5/1/2036,71.8012229
6/1/2036,71.69680527
7/1/2036,71.59601348
8/1/2036,71.48858893
9/1/2036,71.38144996
10/1/2036,71.27803363
11/1/2036,71.17145368
12/1/2036,71.06857627
1/1/2037,70.96255088
2/1/2037,70.85680586
3/1/2037,70.76152238
4/1/2037,70.65630919
5/1/2037,70.55475106
6/1/2037,70.45008567
7/1/2037,70.34905626
8/1/2037,70.24805647
9/1/2037,70.14417485
10/1/2037,70.04390191
11/1/2037,69.9405606
12/1/2037,69.84382532
1/1/2038,69.74098371
2/1/2038,69.63841318
3/1/2038,69.54598927
4/1/2038,69.44393229
5/1/2038,69.34541922
6/1/2038,69.24389047
7/1/2038,69.1487401
8/1/2038,69.0477003
9/1/2038,68.94692701
10/1/2038,68.84965341
11/1/2038,68.74940223
12/1/2038,68.65263233
1/1/2039,68.55290037
2/1/2039,68.45343141
3/1/2039,68.36380251
4/1/2039,68.26483213
5/1/2039,68.16929841
6/1/2039,68.07083994
7/1/2039,67.97579985
8/1/2039,67.87784941
9/1/2039,67.78015573
10/1/2039,67.68585309
11/1/2039,67.58866188
12/1/2039,67.49484368
1/1/2040,67.39815106
2/1/2040,67.30171056
3/1/2040,67.21171218
4/1/2040,67.11575788
5/1/2040,67.0231331
6/1/2040,66.88254323
7/1/2040,66.79037762
8/1/2040,66.69538725
9/1/2040,66.60064332
10/1/2040,66.50918568
11/1/2040,66.41492422
12/1/2040,66.27389314
1/1/2041,66.18002167
2/1/2041,66.0863934
3/1/2041,66.00202391
4/1/2041,65.90885668
5/1/2041,65.81892076
6/1/2041,65.72622759
7/1/2041,65.63674942
8/1/2041,65.54452799
9/1/2041,65.45254498
10/1/2041,65.36375164
11/1/2041,65.27223529
12/1/2041,65.18389207
1/1/2042,65.09283911
2/1/2042,65.00202037
3/1/2042,64.92018106
4/1/2042,64.82980618
5/1/2042,64.74256416
6/1/2042,64.6526455
7/1/2042,64.52056622
8/1/2042,64.4334746
9/1/2042,64.34417726
10/1/2042,64.25797505
11/1/2042,64.17147971
12/1/2042,64.08568774
1/1/2043,63.99726252
2/1/2043,63.8563681
3/1/2043,63.7768146
4/1/2043,63.68896196
5/1/2043,63.60415277
6/1/2043,63.51673953
7/1/2043,63.43235411
8/1/2043,63.34537713
9/1/2043,63.25862065
10/1/2043,63.17486866
11/1/2043,63.08854405
12/1/2043,63.00520841
1/1/2044,62.91931212
2/1/2044,62.83363234
3/1/2044,62.75592418
4/1/2044,62.67063934
5/1/2044,62.58830738
6/1/2044,62.5034454
7/1/2044,62.42152092
8/1/2044,62.33707852
9/1/2044,62.25284851
10/1/2044,62.17153399
11/1/2044,62.08771995
12/1/2044,62.00680667
1/1/2045,61.92340602
2/1/2045,61.84021451
3/1/2045,61.76524395
4/1/2045,61.68244876
5/1/2045,61.60251852
6/1/2045,61.52013037
7/1/2045,61.4405925
8/1/2045,61.35860814
9/1/2045,61.2768278
10/1/2045,61.19787582
11/1/2045,61.11649443
12/1/2045,61.03792712
1/1/2046,60.95694204
2/1/2046,60.87615758
3/1/2046,60.80335422
4/1/2046,60.72509986
5/1/2046,60.64745524
6/1/2046,60.56742103
7/1/2046,60.49015398
8/1/2046,60.41050892
9/1/2046,60.36203896
10/1/2046,60.28529094
11/1/2046,60.20618048
12/1/2046,60.12980494
1/1/2047,60.05107836
2/1/2047,59.97463226
3/1/2047,59.90384009
4/1/2047,59.82565633
5/1/2047,59.75017512
6/1/2047,59.67237006
7/1/2047,59.59725414
8/1/2047,59.51982521
9/1/2047,59.44258646
10/1/2047,59.36801685
11/1/2047,59.29115058
12/1/2047,59.21694047
1/1/2048,59.14044472
2/1/2048,59.06413648
3/1/2048,58.99291498
4/1/2048,58.91696805
5/1/2048,58.84364503
6/1/2048,58.76806301
7/1/2048,58.69509178
8/1/2048,58.61987162
9/1/2048,58.54483411
10/1/2048,58.4723875
11/1/2048,58.39770727
12/1/2048,58.32560532
1/1/2049,58.25127992
2/1/2049,58.17713391
3/1/2049,58.11030934
4/1/2049,58.03650362
5/1/2049,57.96524535
6/1/2049,57.89178937
7/1/2049,57.82086916
8/1/2049,57.74776211
9/1/2049,57.67483184
10/1/2049,57.60441931
11/1/2049,57.53183552
12/1/2049,57.46175733
1/1/2050,57.38951832
2/1/2050,57.31745434
3/1/2050,57.25250707
4/1/2050,57.18077565
5/1/2050,57.11152117
6/1/2050,57.04013205
7/1/2050,56.97120826
8/1/2050,56.90015981
9/1/2050,56.82928362
10/1/2050,56.76085464
11/1/2050,56.69031592
12/1/2050,56.62221221
1/1/2051,56.55200795
2/1/2051,56.48197245
3/1/2051,56.41885157
4/1/2051,56.37816552
5/1/2051,56.31080696
6/1/2051,56.24137018
7/1/2051,56.17432931
8/1/2051,56.10521949
9/1/2051,56.03627492
10/1/2051,55.96970861
11/1/2051,55.9010877
12/1/2051,55.83483366
1/1/2052,55.76653465
2/1/2052,55.69839907
3/1/2052,55.63480187
4/1/2052,55.56698083
5/1/2052,55.50149891
6/1/2052,55.43399524
7/1/2052,55.34176547
8/1/2052,55.27461919
9/1/2052,55.20763258
10/1/2052,55.14295595
11/1/2052,55.0762821
12/1/2052,55.01190729
1/1/2053,54.9455451
2/1/2053,54.87934096
3/1/2053,54.8196724
4/1/2053,54.75376836
5/1/2053,54.69013734
6/1/2053,54.62454153
7/1/2053,54.56120777
8/1/2053,54.4959182
9/1/2053,54.43078352
10/1/2053,54.3678946
11/1/2053,54.30306332
12/1/2053,54.24046707
1/1/2054,54.17593731
2/1/2054,54.11156015
3/1/2054,54.05353715
4/1/2054,53.98944907
5/1/2054,53.92757002
6/1/2054,53.86377925
7/1/2054,53.80218715
8/1/2054,53.73869204
9/1/2054,53.6773224
10/1/2054,53.61614455
11/1/2054,53.55307646
12/1/2054,53.49218199
1/1/2055,53.42940585
2/1/2055,53.36677745
3/1/2055,53.31033021
4/1/2055,53.24798212
5/1/2055,53.18778259
6/1/2055,53.1257226
7/1/2055,53.06580101
8/1/2055,53.00402738
9/1/2055,52.94239871
10/1/2055,52.88289338
11/1/2055,52.82154855
12/1/2055,52.74336684
1/1/2056,52.68236188
2/1/2056,52.62149947
3/1/2056,52.56468807
4/1/2056,52.50410038
5/1/2056,52.4455995
6/1/2056,52.38528953
7/1/2056,52.32705665
8/1/2056,52.26702279
9/1/2056,52.20712864
10/1/2056,52.149297
11/1/2056,52.08967652
12/1/2056,52.03210902
1/1/2057,51.97276077
2/1/2057,51.91355035
3/1/2057,51.86018221
4/1/2057,51.80123342
5/1/2057,51.74431469
6/1/2057,51.68563549
7/1/2057,51.62897704
8/1/2057,51.57056604
9/1/2057,51.51229063
10/1/2057,51.45602166
11/1/2057,51.39801174
12/1/2057,51.34199891
1/1/2058,51.28425288
2/1/2058,51.2266403
3/1/2058,51.17471162
4/1/2058,51.11735172
5/1/2058,51.06196593
6/1/2058,51.00486576
7/1/2058,50.94973062
8/1/2058,50.89288861
9/1/2058,50.83617725
10/1/2058,50.78141722
11/1/2058,50.7000753
12/1/2058,50.64560732
1/1/2059,50.58945284
2/1/2059,50.53342711
3/1/2059,50.482928
4/1/2059,50.42714634
5/1/2059,50.37328371
6/1/2059,50.31775305
7/1/2059,50.26413269
8/1/2059,50.20885169
9/1/2059,50.15369709
10/1/2059,50.10043981
11/1/2059,50.04553318
12/1/2059,49.9925153
1/1/2060,49.93785533
2/1/2060,49.88332022
3/1/2060,49.83241263
4/1/2060,49.77811854
5/1/2060,49.72569204
6/1/2060,49.67164158
7/1/2060,49.61945011
8/1/2060,49.5656418
9/1/2060,49.51195598
10/1/2060,49.46011636
11/1/2060,49.40667053
12/1/2060,49.33775157
1/1/2061,49.28460141
