datetime,Mean CH - layer 2 (Intermediate Aquifer)
2/1/1904,88.58659487
3/1/1904,88.58595312
4/1/1904,88.58586071
5/1/1904,88.58584197
6/1/1904,88.5858418
7/1/1904,88.58584158
8/1/1904,88.61531453
9/1/1904,88.56747442
10/1/1904,88.5327703
11/1/1904,88.52622399
12/1/1904,88.53471351
1/1/1905,88.54634494
2/1/1905,88.55006507
3/1/1905,88.56155402
4/1/1905,88.54885663
5/1/1905,88.54017327
6/1/1905,88.53961054
7/1/1905,88.53961054
8/1/1905,88.53961054
9/1/1905,88.53961054
10/1/1905,88.53960214
11/1/1905,88.53958115
12/1/1905,88.55216468
1/1/1906,88.55494049
2/1/1906,88.56197685
3/1/1906,88.54114579
4/1/1906,88.50870516
5/1/1906,88.51842547
6/1/1906,88.50959905
7/1/1906,88.5200167
8/1/1906,88.50358216
9/1/1906,88.50251406
10/1/1906,88.49818624
11/1/1906,88.51118261
12/1/1906,88.51029206
1/1/1907,88.50470482
2/1/1907,88.48792099
3/1/1907,88.47962919
4/1/1907,88.47922391
5/1/1907,88.49226589
6/1/1907,88.49076524
7/1/1907,88.48958814
8/1/1907,88.48835039
9/1/1907,88.48562504
10/1/1907,88.47955199
11/1/1907,88.35230474
12/1/1907,87.24552376
1/1/1908,87.21784865
2/1/1908,87.0348981
3/1/1908,86.15814355
4/1/1908,85.95841297
5/1/1908,85.80772051
6/1/1908,85.74465184
7/1/1908,85.69695942
8/1/1908,85.66988687
9/1/1908,85.65644131
10/1/1908,85.67057848
11/1/1908,85.65975186
12/1/1908,85.65737087
1/1/1909,85.64599378
2/1/1909,85.65061687
3/1/1909,85.63917923
4/1/1909,85.62687775
5/1/1909,85.64604093
6/1/1909,85.62648385
7/1/1909,85.6183328
8/1/1909,85.57038692
9/1/1909,85.50703093
10/1/1909,85.40176393
11/1/1909,85.31578774
12/1/1909,85.27309033
1/1/1910,85.25356287
2/1/1910,85.23490957
3/1/1910,85.23468656
4/1/1910,85.23143519
5/1/1910,85.22696812
6/1/1910,85.23395743
7/1/1910,85.24196088
8/1/1910,85.23756865
9/1/1910,85.2350314
10/1/1910,85.24371886
11/1/1910,85.22591424
12/1/1910,85.20971533
1/1/1911,85.19756116
2/1/1911,85.16394004
3/1/1911,85.13478434
4/1/1911,85.003921
5/1/1911,85.02092308
6/1/1911,85.00056177
7/1/1911,84.62270284
8/1/1911,84.40746645
9/1/1911,83.44233228
10/1/1911,82.48348396
11/1/1911,82.24180905
12/1/1911,82.09410916
1/1/1912,81.92539148
2/1/1912,81.78662026
3/1/1912,81.63871059
4/1/1912,81.44796907
5/1/1912,81.388541
6/1/1912,81.35698622
7/1/1912,81.34288789
8/1/1912,81.31514865
9/1/1912,81.30565533
10/1/1912,81.29764466
11/1/1912,81.30043857
12/1/1912,81.28149352
1/1/1913,81.28362149
2/1/1913,81.23294892
3/1/1913,81.17250497
4/1/1913,81.06073027
5/1/1913,80.96341664
6/1/1913,80.65888835
7/1/1913,80.2683154
8/1/1913,80.13315401
9/1/1913,79.99182042
10/1/1913,79.89706456
11/1/1913,79.82502662
12/1/1913,79.74665292
1/1/1914,79.67832409
2/1/1914,79.59002278
3/1/1914,78.97284391
4/1/1914,78.43901452
5/1/1914,77.86770414
6/1/1914,77.58914925
7/1/1914,77.45322807
8/1/1914,77.34743041
9/1/1914,77.27784593
10/1/1914,77.18387882
11/1/1914,77.04245403
12/1/1914,76.92724108
1/1/1915,76.73169434
2/1/1915,76.63236302
3/1/1915,76.39915084
4/1/1915,76.20450752
5/1/1915,75.02062603
6/1/1915,73.67908871
7/1/1915,72.7712187
8/1/1915,72.52297054
9/1/1915,72.32385073
10/1/1915,72.16965616
11/1/1915,72.04814472
12/1/1915,71.96084231
1/1/1916,71.89067351
2/1/1916,71.83312778
3/1/1916,71.78128109
4/1/1916,71.68284915
5/1/1916,71.59243297
6/1/1916,71.50140169
7/1/1916,71.41362012
8/1/1916,71.36147006
9/1/1916,71.31219479
10/1/1916,71.27813754
11/1/1916,71.23596536
12/1/1916,71.21304578
1/1/1917,71.17762913
2/1/1917,71.14209724
3/1/1917,71.11302399
4/1/1917,71.06347965
5/1/1917,71.00334517
6/1/1917,70.93353702
7/1/1917,70.89274906
8/1/1917,70.84804579
9/1/1917,70.82599755
10/1/1917,70.80310494
11/1/1917,70.75552333
12/1/1917,70.71116251
1/1/1918,70.64066574
2/1/1918,70.51602537
3/1/1918,70.35020509
4/1/1918,70.18365957
5/1/1918,70.06682021
6/1/1918,69.91032807
7/1/1918,69.68492027
8/1/1918,69.47224446
9/1/1918,69.34362198
10/1/1918,69.22384783
11/1/1918,69.11701282
12/1/1918,69.0436144
1/1/1919,68.93838665
2/1/1919,68.85123289
3/1/1919,68.10724003
4/1/1919,67.81892311
5/1/1919,67.5602561
6/1/1919,67.46449247
7/1/1919,67.36050436
8/1/1919,67.27549723
9/1/1919,67.22049706
10/1/1919,67.18262273
11/1/1919,67.13842525
12/1/1919,67.08233147
1/1/1920,67.06912468
2/1/1920,67.03418949
3/1/1920,67.00186174
4/1/1920,66.96967255
5/1/1920,66.93985217
6/1/1920,66.91871926
7/1/1920,66.8974824
8/1/1920,66.86980784
9/1/1920,66.84384696
10/1/1920,66.8070071
11/1/1920,66.79373204
12/1/1920,66.78370486
1/1/1921,66.76638357
2/1/1921,66.74973078
3/1/1921,66.74187545
4/1/1921,66.71986615
5/1/1921,66.70828967
6/1/1921,66.70083375
7/1/1921,66.68314966
8/1/1921,66.66055819
9/1/1921,66.64538916
10/1/1921,66.62409872
11/1/1921,66.57022705
12/1/1921,66.55150372
1/1/1922,66.54056343
2/1/1922,65.26150476
3/1/1922,64.95476628
4/1/1922,64.78974222
5/1/1922,64.7102514
6/1/1922,64.63394221
7/1/1922,64.58049306
8/1/1922,64.45946395
9/1/1922,64.36586966
10/1/1922,64.31054227
11/1/1922,64.25489848
12/1/1922,64.17608021
1/1/1923,64.08500941
2/1/1923,63.89548533
3/1/1923,63.6672773
4/1/1923,62.91136649
5/1/1923,62.72531123
6/1/1923,62.62695262
7/1/1923,62.56456203
8/1/1923,62.52250639
9/1/1923,62.48976113
10/1/1923,62.4599023
11/1/1923,62.43048505
12/1/1923,62.40321948
1/1/1924,62.37621094
2/1/1924,62.35011691
3/1/1924,62.33120278
4/1/1924,62.30491993
5/1/1924,62.28121753
6/1/1924,62.25778925
7/1/1924,62.2268021
8/1/1924,62.20049385
9/1/1924,62.18144203
10/1/1924,62.1599149
11/1/1924,62.14644838
12/1/1924,62.12663724
1/1/1925,62.1072443
2/1/1925,62.08152225
3/1/1925,62.06569385
4/1/1925,62.04965289
5/1/1925,62.03476788
6/1/1925,62.02154475
7/1/1925,62.0098503
8/1/1925,61.99896369
9/1/1925,61.99588703
10/1/1925,61.98742552
11/1/1925,61.98522446
12/1/1925,61.97760272
1/1/1926,61.96177625
2/1/1926,61.94261847
3/1/1926,61.9307142
4/1/1926,61.91492612
5/1/1926,61.83729809
6/1/1926,61.82078987
7/1/1926,61.36085538
8/1/1926,60.06024721
9/1/1926,59.63247007
10/1/1926,58.92627453
11/1/1926,58.69872238
12/1/1926,58.55785098
1/1/1927,58.45826138
2/1/1927,58.37587946
3/1/1927,58.32458372
4/1/1927,58.27380273
5/1/1927,58.23224315
6/1/1927,58.1483632
7/1/1927,58.06768049
8/1/1927,58.00115658
9/1/1927,57.94146272
10/1/1927,57.90001414
11/1/1927,57.87111978
12/1/1927,57.85701912
1/1/1928,57.83143338
2/1/1928,57.80763213
3/1/1928,57.78683694
4/1/1928,57.75314427
5/1/1928,57.73506152
6/1/1928,57.71823272
7/1/1928,57.70383602
8/1/1928,57.6837219
9/1/1928,57.67290631
10/1/1928,57.66438021
11/1/1928,57.66340396
12/1/1928,57.6585608
1/1/1929,57.65521558
2/1/1929,57.65328369
3/1/1929,57.65219953
4/1/1929,57.65137516
5/1/1929,57.65082959
6/1/1929,57.65623088
7/1/1929,57.65599432
8/1/1929,57.65583902
9/1/1929,57.6557144
10/1/1929,57.65560931
11/1/1929,57.65551714
12/1/1929,57.66227603
1/1/1930,57.66213841
2/1/1930,57.66201726
3/1/1930,57.66191859
4/1/1930,57.66182233
5/1/1930,57.66174105
6/1/1930,57.66166936
7/1/1930,57.66161106
8/1/1930,57.66156211
9/1/1930,57.66152394
10/1/1930,57.66149663
11/1/1930,57.66147466
12/1/1930,57.66145767
1/1/1931,57.66144452
2/1/1931,57.66143565
3/1/1931,57.66143106
4/1/1931,57.66143009
5/1/1931,57.66143009
6/1/1931,57.66143009
7/1/1931,57.66143009
8/1/1931,57.66143009
9/1/1931,57.66143009
10/1/1931,57.66143009
11/1/1931,57.66143009
12/1/1931,57.66143009
1/1/1932,57.66143009
2/1/1932,57.66077058
3/1/1932,57.66005116
4/1/1932,57.65964814
5/1/1932,57.65952766
6/1/1932,57.65952766
7/1/1932,57.65952766
8/1/1932,57.65952766
9/1/1932,57.65952766
10/1/1932,57.65952766
11/1/1932,57.65952766
12/1/1932,57.65952766
1/1/1933,57.65952766
2/1/1933,57.65952766
3/1/1933,57.65952766
4/1/1933,57.65952766
5/1/1933,57.65952766
6/1/1933,57.65952766
7/1/1933,57.65952766
8/1/1933,57.65952766
9/1/1933,57.65952766
10/1/1933,57.65952766
11/1/1933,57.65952766
12/1/1933,57.65952766
1/1/1934,57.65874379
2/1/1934,57.65874379
3/1/1934,57.66973971
4/1/1934,57.67861573
5/1/1934,57.67779641
6/1/1934,57.6568161
7/1/1934,57.65307568
8/1/1934,57.65445429
9/1/1934,57.65069983
10/1/1934,57.64426682
11/1/1934,57.64284726
12/1/1934,57.64125934
1/1/1935,57.63984151
2/1/1935,57.63827297
3/1/1935,57.63512179
4/1/1935,57.63295092
5/1/1935,57.63905686
6/1/1935,57.63692025
7/1/1935,57.63498679
8/1/1935,57.63306053
9/1/1935,57.63127852
10/1/1935,57.62964161
11/1/1935,57.62810279
12/1/1935,57.62677795
1/1/1936,57.62592573
2/1/1936,57.63163555
3/1/1936,57.63083425
4/1/1936,57.62340621
5/1/1936,57.62019502
6/1/1936,57.62464759
7/1/1936,57.62429791
8/1/1936,57.62181682
9/1/1936,57.61199576
10/1/1936,57.61080004
11/1/1936,57.60996057
12/1/1936,57.60345763
1/1/1937,57.60274425
2/1/1937,57.60232588
3/1/1937,57.60199378
4/1/1937,57.60167734
5/1/1937,57.60136971
6/1/1937,57.60104636
7/1/1937,57.60076189
8/1/1937,57.6045072
9/1/1937,57.59944953
10/1/1937,57.61205011
11/1/1937,57.61134905
12/1/1937,57.61073056
1/1/1938,57.61029448
2/1/1938,57.60986844
3/1/1938,57.60262733
4/1/1938,57.60909586
5/1/1938,57.60864736
6/1/1938,57.60840112
7/1/1938,57.60819022
8/1/1938,57.60800994
9/1/1938,57.60787416
10/1/1938,57.6077923
11/1/1938,57.60774019
12/1/1938,57.60773372
1/1/1939,57.60772941
2/1/1939,57.60772773
3/1/1939,57.60772773
4/1/1939,57.60772773
5/1/1939,57.60772773
6/1/1939,57.61825662
7/1/1939,57.61825662
8/1/1939,57.61825662
9/1/1939,57.61693915
10/1/1939,57.61402107
11/1/1939,57.62505765
12/1/1939,57.6249719
1/1/1940,57.62488454
2/1/1940,57.62479842
3/1/1940,57.62471895
4/1/1940,57.62463529
5/1/1940,57.62455561
6/1/1940,57.62447479
7/1/1940,57.62439819
8/1/1940,57.62432102
9/1/1940,57.62424621
10/1/1940,57.62417636
11/1/1940,57.62410733
12/1/1940,57.62378415
1/1/1941,57.62367126
2/1/1941,57.62353035
3/1/1941,57.6233779
4/1/1941,57.62266749
5/1/1941,57.62180135
6/1/1941,57.62070498
7/1/1941,57.61961272
8/1/1941,57.61845106
9/1/1941,57.61705561
10/1/1941,57.62115223
11/1/1941,57.61808109
12/1/1941,57.61362042
1/1/1942,57.60863168
2/1/1942,57.61067358
3/1/1942,57.60590476
4/1/1942,57.60112918
5/1/1942,57.59873571
6/1/1942,57.59606694
7/1/1942,57.59383586
8/1/1942,57.5916258
9/1/1942,57.59573907
10/1/1942,57.59378637
11/1/1942,57.59754438
12/1/1942,57.6011449
1/1/1943,57.58391295
2/1/1943,57.57975091
3/1/1943,57.58890227
4/1/1943,57.59034973
5/1/1943,57.58573045
6/1/1943,57.59281825
7/1/1943,57.59014836
8/1/1943,57.58840474
9/1/1943,57.58732076
10/1/1943,57.58641672
11/1/1943,57.5857698
12/1/1943,57.58533589
1/1/1944,57.58498478
2/1/1944,57.58452664
3/1/1944,57.58410024
4/1/1944,57.58365597
5/1/1944,57.58324023
6/1/1944,57.58282931
7/1/1944,57.58245197
8/1/1944,57.58208636
9/1/1944,57.58174705
10/1/1944,57.5814446
11/1/1944,57.58116045
12/1/1944,57.58091214
1/1/1945,57.58068029
2/1/1945,57.58046738
3/1/1945,57.58028174
4/1/1945,57.58008382
5/1/1945,57.57989882
6/1/1945,57.57971388
7/1/1945,57.57954009
8/1/1945,57.57936536
9/1/1945,57.57919488
10/1/1945,57.57903347
11/1/1945,57.57887013
12/1/1945,57.57869726
1/1/1946,57.57854024
2/1/1946,57.5783864
3/1/1946,57.58458053
4/1/1946,57.58424933
5/1/1946,57.58388475
6/1/1946,57.58333107
7/1/1946,57.58261525
8/1/1946,57.58150717
9/1/1946,57.58988569
10/1/1946,57.5828143
11/1/1946,57.58196999
12/1/1946,57.58147849
1/1/1947,57.58101739
2/1/1947,57.58041337
3/1/1947,57.57965279
4/1/1947,57.57861248
5/1/1947,57.57742366
6/1/1947,57.56490441
7/1/1947,57.56272467
8/1/1947,57.57161778
9/1/1947,57.56797195
10/1/1947,57.56483952
11/1/1947,57.56432352
12/1/1947,57.56248117
1/1/1948,57.56059844
2/1/1948,57.55858422
3/1/1948,57.55695336
4/1/1948,57.54998773
5/1/1948,57.54827287
6/1/1948,57.54651205
7/1/1948,57.54480015
8/1/1948,57.54840705
9/1/1948,57.5533337
10/1/1948,57.55146535
11/1/1948,57.55533726
12/1/1948,57.56424049
1/1/1949,57.56656331
2/1/1949,57.56225999
3/1/1949,57.55543495
4/1/1949,57.52419957
5/1/1949,57.46962437
6/1/1949,57.291558
7/1/1949,57.09734464
8/1/1949,56.89727124
9/1/1949,56.77241566
10/1/1949,56.69185071
11/1/1949,56.62285354
12/1/1949,56.5657026
1/1/1950,56.5258331
2/1/1950,56.46837889
3/1/1950,56.40626372
4/1/1950,56.27935292
5/1/1950,56.14259818
6/1/1950,55.96321657
7/1/1950,55.83864208
8/1/1950,55.75735013
9/1/1950,55.6801007
10/1/1950,55.55019111
11/1/1950,55.43348913
12/1/1950,55.30655245
1/1/1951,55.25725373
2/1/1951,55.24283013
3/1/1951,55.23475175
4/1/1951,55.23137623
5/1/1951,55.21424153
6/1/1951,55.20096494
7/1/1951,55.19188591
8/1/1951,55.15486057
9/1/1951,55.11001632
10/1/1951,55.07984312
11/1/1951,55.01111759
12/1/1951,54.98580967
1/1/1952,54.96048723
2/1/1952,54.93467185
3/1/1952,54.90926619
4/1/1952,54.8822807
5/1/1952,54.85653301
6/1/1952,54.82424866
7/1/1952,54.80829076
8/1/1952,54.78382994
9/1/1952,54.75615372
10/1/1952,54.71595984
11/1/1952,54.690404
12/1/1952,54.65958945
1/1/1953,54.6503443
2/1/1953,54.62719648
3/1/1953,54.60560825
4/1/1953,54.58968395
5/1/1953,54.57492902
6/1/1953,54.56059634
7/1/1953,54.54770913
8/1/1953,54.53556297
9/1/1953,54.52446134
10/1/1953,54.51448987
11/1/1953,54.5180718
12/1/1953,54.50736564
1/1/1954,54.50117803
2/1/1954,54.49696878
3/1/1954,54.48050633
4/1/1954,54.47785298
5/1/1954,54.46624672
6/1/1954,54.44630264
7/1/1954,54.41675646
8/1/1954,54.39274921
9/1/1954,54.36571056
10/1/1954,54.32945842
11/1/1954,54.28407946
12/1/1954,54.23552209
1/1/1955,54.18015834
2/1/1955,54.11447816
3/1/1955,54.05384125
4/1/1955,53.98841922
5/1/1955,53.92068718
6/1/1955,53.80874394
7/1/1955,53.70327652
8/1/1955,53.58385758
9/1/1955,53.46021189
10/1/1955,53.32684734
11/1/1955,53.20529307
12/1/1955,53.08344548
1/1/1956,52.96653688
2/1/1956,52.87141618
3/1/1956,52.81128448
4/1/1956,52.76471995
5/1/1956,52.72348491
6/1/1956,52.69001047
7/1/1956,52.63643134
8/1/1956,52.58811952
9/1/1956,52.52466998
10/1/1956,52.44867145
11/1/1956,52.37082841
12/1/1956,52.29269632
1/1/1957,52.21822391
2/1/1957,52.12973676
3/1/1957,52.03260833
4/1/1957,51.92719004
5/1/1957,51.84567403
6/1/1957,51.75820388
7/1/1957,51.66134789
8/1/1957,51.52986226
9/1/1957,51.40157613
10/1/1957,51.29224963
11/1/1957,51.18015527
12/1/1957,51.07710973
1/1/1958,50.96439215
2/1/1958,50.85480662
3/1/1958,50.74217974
4/1/1958,50.64559401
5/1/1958,50.55684798
6/1/1958,50.48709427
7/1/1958,50.41717437
8/1/1958,50.32274843
9/1/1958,50.25448474
10/1/1958,50.17405807
11/1/1958,50.10313157
12/1/1958,50.01497035
1/1/1959,49.92082163
2/1/1959,49.84338266
3/1/1959,49.78288116
4/1/1959,49.70435075
5/1/1959,49.65321742
6/1/1959,49.58442198
7/1/1959,49.53664826
8/1/1959,49.47847782
9/1/1959,49.41770953
10/1/1959,49.35780378
11/1/1959,49.29853331
12/1/1959,49.23451818
1/1/1960,49.17233266
2/1/1960,49.11735307
3/1/1960,49.0666874
4/1/1960,49.04176534
5/1/1960,49.00905089
6/1/1960,48.99123348
7/1/1960,48.97047161
8/1/1960,48.93560032
9/1/1960,48.90960629
10/1/1960,48.87242258
11/1/1960,48.80931681
12/1/1960,48.77600465
1/1/1961,48.74577422
2/1/1961,48.72474506
3/1/1961,48.70127105
4/1/1961,48.68541451
5/1/1961,48.66688607
6/1/1961,48.63902693
7/1/1961,48.63844462
8/1/1961,48.62057527
9/1/1961,48.60379161
10/1/1961,48.58193107
11/1/1961,48.56315373
12/1/1961,48.54752703
1/1/1962,48.52827822
2/1/1962,48.50386994
3/1/1962,48.48268919
4/1/1962,48.47280479
5/1/1962,48.45802944
6/1/1962,48.43224419
7/1/1962,48.41419781
8/1/1962,48.39177971
9/1/1962,48.36265387
10/1/1962,48.30811982
11/1/1962,48.27071227
12/1/1962,48.22931507
1/1/1963,48.19457044
2/1/1963,48.14668719
3/1/1963,48.12402473
4/1/1963,48.10408174
5/1/1963,48.07364918
6/1/1963,48.05714476
7/1/1963,48.03937543
8/1/1963,48.01888435
9/1/1963,47.98226636
10/1/1963,47.95217526
11/1/1963,47.9173865
12/1/1963,47.87503408
1/1/1964,47.85443154
2/1/1964,47.82170072
3/1/1964,47.80364709
4/1/1964,47.79159423
5/1/1964,47.77511674
6/1/1964,47.75256139
7/1/1964,47.7220985
8/1/1964,47.68577541
9/1/1964,47.65163353
10/1/1964,47.59969851
11/1/1964,47.55205428
12/1/1964,47.50893038
1/1/1965,47.44677074
2/1/1965,47.37700519
3/1/1965,47.32715083
4/1/1965,47.25440765
5/1/1965,47.18457448
6/1/1965,47.12124195
7/1/1965,47.07050786
8/1/1965,46.98548817
9/1/1965,46.9277992
10/1/1965,46.85222227
11/1/1965,46.79064457
12/1/1965,46.70656929
1/1/1966,46.63710218
2/1/1966,46.57282094
3/1/1966,46.53256932
4/1/1966,46.46136138
5/1/1966,46.38674905
6/1/1966,46.32903463
7/1/1966,46.25496167
8/1/1966,46.1881454
9/1/1966,46.1226084
10/1/1966,46.03936658
11/1/1966,45.97534438
12/1/1966,45.91890007
1/1/1967,45.83667656
2/1/1967,45.7549674
3/1/1967,45.71976479
4/1/1967,45.67777916
5/1/1967,45.65227323
6/1/1967,45.62139232
7/1/1967,45.59529983
8/1/1967,45.57740062
9/1/1967,45.54055013
10/1/1967,45.51700507
11/1/1967,45.49736823
12/1/1967,45.46319478
1/1/1968,45.4310961
2/1/1968,45.40647574
3/1/1968,45.38506799
4/1/1968,45.37539569
5/1/1968,45.36969117
6/1/1968,45.36396734
7/1/1968,45.3586113
8/1/1968,45.35190227
9/1/1968,45.3430255
10/1/1968,45.31246841
11/1/1968,45.29881107
12/1/1968,45.27026022
1/1/1969,45.2624799
2/1/1969,45.24499171
3/1/1969,45.24051046
4/1/1969,45.23651929
5/1/1969,45.2329047
6/1/1969,45.22911735
7/1/1969,45.21598771
8/1/1969,45.2123769
9/1/1969,45.20875041
10/1/1969,45.20517923
11/1/1969,45.20121478
12/1/1969,45.1960803
1/1/1970,45.19033005
2/1/1970,45.1846423
3/1/1970,45.17450245
4/1/1970,45.17003554
5/1/1970,45.16592834
6/1/1970,45.16163386
7/1/1970,45.15710584
8/1/1970,45.15219064
9/1/1970,45.14613831
10/1/1970,45.12970719
11/1/1970,45.10284863
12/1/1970,45.09070331
1/1/1971,45.06706925
2/1/1971,45.04364601
3/1/1971,45.04261998
4/1/1971,45.0424676
5/1/1971,45.03752443
6/1/1971,45.01924443
7/1/1971,45.01447576
8/1/1971,45.01013835
9/1/1971,45.00525564
10/1/1971,45.00017062
11/1/1971,44.98805806
12/1/1971,44.98151483
1/1/1972,44.98287265
2/1/1972,44.97563701
3/1/1972,44.96982624
4/1/1972,44.97505646
5/1/1972,44.96931739
6/1/1972,44.95616283
7/1/1972,44.90618932
8/1/1972,44.87819725
9/1/1972,44.83448121
10/1/1972,44.79446265
11/1/1972,44.78105509
12/1/1972,44.77265227
1/1/1973,44.75929412
2/1/1973,44.75076997
3/1/1973,44.75144848
4/1/1973,44.74657111
5/1/1973,44.74203687
6/1/1973,44.73220477
7/1/1973,44.72784843
8/1/1973,44.72325814
9/1/1973,44.72226928
10/1/1973,44.72643219
11/1/1973,44.72173139
12/1/1973,44.70695623
1/1/1974,44.70234783
2/1/1974,44.70721504
3/1/1974,44.70354516
4/1/1974,44.69952685
5/1/1974,44.69577524
6/1/1974,44.69184241
7/1/1974,44.69697717
8/1/1974,44.69230394
9/1/1974,44.67489405
10/1/1974,44.67043814
11/1/1974,44.66042517
12/1/1974,44.65525414
1/1/1975,44.64992842
2/1/1975,44.64532947
3/1/1975,44.64159969
4/1/1975,44.63760939
5/1/1975,44.63379757
6/1/1975,44.62974402
7/1/1975,44.62536161
8/1/1975,44.63018355
9/1/1975,44.61832576
10/1/1975,44.60011488
11/1/1975,44.56666627
12/1/1975,44.53235307
1/1/1976,44.49699212
2/1/1976,44.46122244
3/1/1976,44.42613765
4/1/1976,44.38736414
5/1/1976,44.34912468
6/1/1976,44.30114441
7/1/1976,44.27262102
8/1/1976,44.22881454
9/1/1976,44.18629725
10/1/1976,44.14259978
11/1/1976,44.09395054
12/1/1976,44.04341359
1/1/1977,43.9874609
2/1/1977,43.9085326
3/1/1977,43.85094692
4/1/1977,43.78221121
5/1/1977,43.72677715
6/1/1977,43.65574196
7/1/1977,43.57545706
8/1/1977,43.49077595
9/1/1977,43.37416918
10/1/1977,43.25077804
11/1/1977,43.11020884
12/1/1977,42.96567134
1/1/1978,42.80756282
2/1/1978,42.63543533
3/1/1978,42.49566124
4/1/1978,42.37886185
5/1/1978,42.32786543
6/1/1978,42.29863643
7/1/1978,42.23001687
8/1/1978,42.16358807
9/1/1978,42.09297209
10/1/1978,42.02247276
11/1/1978,41.91876652
12/1/1978,41.82713486
1/1/1979,41.7358553
2/1/1979,41.65286966
3/1/1979,41.58360534
4/1/1979,41.49370412
5/1/1979,41.43280297
6/1/1979,41.36267191
7/1/1979,41.29162836
8/1/1979,41.21340339
9/1/1979,41.13165294
10/1/1979,41.04823336
11/1/1979,40.95904879
12/1/1979,40.87011772
1/1/1980,40.75094298
2/1/1980,40.64492745
3/1/1980,40.58045107
4/1/1980,40.53443963
5/1/1980,40.5075534
6/1/1980,40.47081258
7/1/1980,40.45558397
8/1/1980,40.42559069
9/1/1980,40.39812033
10/1/1980,40.37347063
11/1/1980,40.34929198
12/1/1980,40.32698644
1/1/1981,40.3054529
2/1/1981,40.29088217
3/1/1981,40.28456801
4/1/1981,40.27874439
5/1/1981,40.25653964
6/1/1981,40.25954043
7/1/1981,40.2517392
8/1/1981,40.23304719
9/1/1981,40.23936887
10/1/1981,40.22482375
11/1/1981,40.20027382
12/1/1981,40.19249049
1/1/1982,40.16639864
2/1/1982,40.14789509
3/1/1982,40.1330555
4/1/1982,40.12257593
5/1/1982,40.11557573
6/1/1982,40.10930045
7/1/1982,40.10900938
8/1/1982,40.10273057
9/1/1982,40.0965215
10/1/1982,40.09049493
11/1/1982,40.0789909
12/1/1982,40.07279592
1/1/1983,40.0666642
2/1/1983,40.06066787
3/1/1983,40.05524888
4/1/1983,40.05464154
5/1/1983,40.04915498
6/1/1983,40.04427574
7/1/1983,40.04074556
8/1/1983,40.02213276
9/1/1983,40.00138261
10/1/1983,40.00194278
11/1/1983,39.99684336
12/1/1983,39.99162572
1/1/1984,39.98569207
2/1/1984,39.99580841
3/1/1984,39.99005696
4/1/1984,39.98386765
5/1/1984,39.97783329
6/1/1984,39.97117732
7/1/1984,39.97001589
8/1/1984,39.96331165
9/1/1984,39.95670859
10/1/1984,39.95035224
11/1/1984,39.93723891
12/1/1984,39.92940426
1/1/1985,39.92251928
2/1/1985,39.91603657
3/1/1985,39.89458565
4/1/1985,39.88835098
5/1/1985,39.88238299
6/1/1985,39.8762524
7/1/1985,39.87033854
8/1/1985,39.86410555
9/1/1985,39.86391906
10/1/1985,39.85535573
11/1/1985,39.83874758
12/1/1985,39.81918972
1/1/1986,39.81616663
2/1/1986,39.7961844
3/1/1986,39.77303465
4/1/1986,39.76067271
5/1/1986,39.75873154
6/1/1986,39.75176259
7/1/1986,39.73687711
8/1/1986,39.72568869
9/1/1986,39.71341569
10/1/1986,39.69818528
11/1/1986,39.68954482
12/1/1986,39.68240513
1/1/1987,39.68841127
2/1/1987,39.68273698
3/1/1987,39.67778664
4/1/1987,39.67232431
5/1/1987,39.66715052
6/1/1987,39.66194672
7/1/1987,39.65701539
8/1/1987,39.64225905
9/1/1987,39.63711178
10/1/1987,39.6321259
11/1/1987,39.61479836
12/1/1987,39.60946983
1/1/1988,39.61228478
2/1/1988,39.60699027
3/1/1988,39.6021424
4/1/1988,39.59698413
5/1/1988,39.59203551
6/1/1988,39.58682322
7/1/1988,39.58149138
8/1/1988,39.5754767
9/1/1988,39.56896471
10/1/1988,39.57445095
11/1/1988,39.56787006
12/1/1988,39.56084758
1/1/1989,39.55365344
2/1/1989,39.54631437
3/1/1989,39.53960766
4/1/1989,39.53316762
5/1/1989,39.52728861
6/1/1989,39.5275136
7/1/1989,39.52757814
8/1/1989,39.53650284
9/1/1989,39.54054823
10/1/1989,39.53514943
11/1/1989,39.52953526
12/1/1989,39.52408811
1/1/1990,39.51808116
2/1/1990,39.51213733
3/1/1990,39.50672364
4/1/1990,39.50071573
5/1/1990,39.48062264
6/1/1990,39.46027339
7/1/1990,39.45451948
8/1/1990,39.44822291
9/1/1990,39.45582108
10/1/1990,39.44929473
11/1/1990,39.44273059
12/1/1990,39.43637036
1/1/1991,39.44806328
2/1/1991,39.42790117
3/1/1991,39.395728
4/1/1991,39.32692502
5/1/1991,39.26832555
6/1/1991,39.20738647
7/1/1991,39.14366185
8/1/1991,39.07999539
9/1/1991,38.99662282
10/1/1991,38.91015319
11/1/1991,38.82962613
12/1/1991,38.73390039
1/1/1992,38.65025065
2/1/1992,38.60934888
3/1/1992,38.57234934
4/1/1992,38.54555901
5/1/1992,38.53666145
6/1/1992,38.538534
7/1/1992,38.53109928
8/1/1992,38.51129122
9/1/1992,38.4984668
10/1/1992,38.47172922
11/1/1992,38.43214064
12/1/1992,38.40189462
1/1/1993,38.36523479
2/1/1993,38.35689792
3/1/1993,38.34097369
4/1/1993,38.33499097
5/1/1993,38.32947611
6/1/1993,38.32410108
7/1/1993,38.31902714
8/1/1993,38.31373645
9/1/1993,38.30826875
10/1/1993,38.30293073
11/1/1993,38.29728428
12/1/1993,38.28202263
1/1/1994,38.27622418
2/1/1994,38.25845711
3/1/1994,38.25324407
4/1/1994,38.23333496
5/1/1994,38.22812314
6/1/1994,38.22277049
7/1/1994,38.21741554
8/1/1994,38.21179391
9/1/1994,38.20545033
10/1/1994,38.19818268
11/1/1994,38.18518034
12/1/1994,38.16917496
1/1/1995,38.14747102
2/1/1995,38.13967074
3/1/1995,38.15767085
4/1/1995,38.15192118
5/1/1995,38.14675853
6/1/1995,38.14167924
7/1/1995,38.13726054
8/1/1995,38.13382999
9/1/1995,38.13039227
10/1/1995,38.13695534
11/1/1995,38.13253092
12/1/1995,38.12793521
1/1/1996,38.12309607
2/1/1996,38.11834863
3/1/1996,38.11392795
4/1/1996,38.09963277
5/1/1996,38.09785297
6/1/1996,38.09633056
7/1/1996,38.09490767
8/1/1996,38.09335267
9/1/1996,38.09166193
10/1/1996,38.08056753
11/1/1996,38.078641
12/1/1996,38.0764451
1/1/1997,38.07363554
2/1/1997,38.07036991
3/1/1997,38.06723451
4/1/1997,38.05796698
5/1/1997,38.05483863
6/1/1997,38.05160489
7/1/1997,38.04838232
8/1/1997,38.04480694
9/1/1997,38.04099176
10/1/1997,38.03719954
11/1/1997,38.03319285
12/1/1997,38.02925369
1/1/1998,38.02512661
2/1/1998,38.02094993
3/1/1998,38.01707074
4/1/1998,38.01265677
5/1/1998,37.99693368
6/1/1998,37.99250254
7/1/1998,37.98806591
8/1/1998,37.99479904
9/1/1998,37.98998643
10/1/1998,37.97403159
11/1/1998,37.96921332
12/1/1998,37.96444155
1/1/1999,37.94793918
2/1/1999,37.95364498
3/1/1999,37.939819
4/1/1999,37.93493826
5/1/1999,37.93014796
6/1/1999,37.9251257
7/1/1999,37.90975884
8/1/1999,37.90483088
9/1/1999,37.90002295
10/1/1999,37.89546004
11/1/1999,37.89078989
12/1/1999,37.88631387
1/1/2000,37.88174596
2/1/2000,37.87722602
3/1/2000,37.87307779
4/1/2000,37.86883741
5/1/2000,37.86513807
6/1/2000,37.86157848
7/1/2000,37.85783351
8/1/2000,37.85378622
9/1/2000,37.84965669
10/1/2000,37.84561067
11/1/2000,37.84127561
12/1/2000,37.83697134
1/1/2001,37.83245529
2/1/2001,37.82791971
3/1/2001,37.82391165
4/1/2001,37.81962566
5/1/2001,37.81550149
6/1/2001,37.81128993
7/1/2001,37.80728505
8/1/2001,37.80320433
9/1/2001,37.7990983
10/1/2001,37.7950982
11/1/2001,37.79083775
12/1/2001,37.78668599
1/1/2002,37.78241164
2/1/2002,37.77818159
3/1/2002,37.76862658
4/1/2002,37.76443904
5/1/2002,37.76044719
6/1/2002,37.75636604
7/1/2002,37.75241584
8/1/2002,37.74831776
9/1/2002,37.74418313
10/1/2002,37.74014175
11/1/2002,37.73578485
12/1/2002,37.73148351
1/1/2003,37.72697063
2/1/2003,37.72239146
3/1/2003,37.71834834
4/1/2003,37.71386181
5/1/2003,37.70955155
6/1/2003,37.70488393
7/1/2003,37.7003286
8/1/2003,37.69558801
9/1/2003,37.69065018
10/1/2003,37.68564229
11/1/2003,37.6799572
12/1/2003,37.67417029
1/1/2004,37.66827361
2/1/2004,37.66281607
3/1/2004,37.65839176
4/1/2004,37.66493023
5/1/2004,37.66059524
6/1/2004,37.66684765
7/1/2004,37.65650101
8/1/2004,37.65241617
9/1/2004,37.64840795
10/1/2004,37.64456892
11/1/2004,37.64064452
12/1/2004,37.63683731
1/1/2005,37.63279756
2/1/2005,37.62867438
3/1/2005,37.62495117
4/1/2005,37.62082869
5/1/2005,37.59942286
6/1/2005,37.53242249
7/1/2005,37.51500158
8/1/2005,37.51052913
9/1/2005,37.50590797
10/1/2005,37.46575116
11/1/2005,37.40233366
12/1/2005,37.32141489
1/1/2006,37.29224845
2/1/2006,37.28705714
3/1/2006,37.28308296
4/1/2006,37.29005589
5/1/2006,37.2914824
6/1/2006,37.28711599
7/1/2006,37.27561175
8/1/2006,37.21057163
9/1/2006,37.11171948
10/1/2006,37.01626999
11/1/2006,36.91930812
12/1/2006,36.87086475
1/1/2007,36.87328571
2/1/2007,36.86847186
3/1/2007,36.87457956
4/1/2007,36.87006332
5/1/2007,36.86548397
6/1/2007,36.82334414
7/1/2007,36.73437672
8/1/2007,36.63186992
9/1/2007,36.51654206
10/1/2007,36.41820406
11/1/2007,36.32672919
12/1/2007,36.30447962
1/1/2008,36.31066473
2/1/2008,36.29315971
3/1/2008,36.28844331
4/1/2008,36.28343776
5/1/2008,36.27883762
6/1/2008,36.27412417
7/1/2008,36.26953318
8/1/2008,36.24634054
9/1/2008,36.24146132
10/1/2008,36.23666143
11/1/2008,36.23142259
12/1/2008,36.23808702
1/1/2009,36.22957922
2/1/2009,36.23142866
3/1/2009,36.21673375
4/1/2009,36.19159794
5/1/2009,36.14984912
6/1/2009,36.11389297
7/1/2009,36.07825238
8/1/2009,36.03557068
9/1/2009,35.98818785
10/1/2009,35.9392582
11/1/2009,35.87435995
12/1/2009,35.80443912
1/1/2010,35.72493879
2/1/2010,35.69390306
3/1/2010,35.66396598
4/1/2010,35.64694978
5/1/2010,35.63937312
6/1/2010,35.63354688
7/1/2010,35.62812567
8/1/2010,35.62214834
9/1/2010,35.61422094
10/1/2010,35.60097282
11/1/2010,35.58627876
12/1/2010,35.55331101
1/1/2011,35.50784529
2/1/2011,35.47117512
3/1/2011,35.42855867
4/1/2011,35.37980874
5/1/2011,35.33475084
6/1/2011,35.28815075
7/1/2011,35.24593282
8/1/2011,35.19929861
9/1/2011,35.15113493
10/1/2011,35.09546115
11/1/2011,35.04311668
12/1/2011,34.97968385
1/1/2012,34.91919473
2/1/2012,34.86981363
3/1/2012,34.8329812
4/1/2012,34.80696593
5/1/2012,34.76410958
6/1/2012,34.72557067
7/1/2012,34.68900645
8/1/2012,34.65322839
9/1/2012,34.64080787
10/1/2012,34.61192511
11/1/2012,34.5843204
12/1/2012,34.56006463
1/1/2013,34.5394718
2/1/2013,34.52377125
3/1/2013,34.51136231
4/1/2013,34.49968294
5/1/2013,34.48309125
6/1/2013,34.44516758
7/1/2013,34.39519903
8/1/2013,34.326801
9/1/2013,34.23267396
10/1/2013,34.12442333
11/1/2013,34.01613904
12/1/2013,33.86335672
1/1/2014,33.85775477
2/1/2014,33.8618811
3/1/2014,33.85354743
4/1/2014,33.72720928
5/1/2014,33.57991008
6/1/2014,33.43915886
7/1/2014,33.31390654
8/1/2014,33.14866943
9/1/2014,32.97436925
10/1/2014,32.79732331
11/1/2014,32.57963765
12/1/2014,32.33406402
1/1/2015,32.07234455
2/1/2015,31.8003195
3/1/2015,31.53416841
4/1/2015,31.22714426
5/1/2015,30.90948201
6/1/2015,30.60500519
7/1/2015,30.2377316
8/1/2015,29.8835931
9/1/2015,29.48943178
10/1/2015,29.2018794
11/1/2015,28.88723612
12/1/2015,28.60685532
1/1/2016,28.31255661
2/1/2016,28.02997365
3/1/2016,27.77643818
4/1/2016,27.55266996
5/1/2016,27.31983264
6/1/2016,27.06947047
7/1/2016,26.84854906
8/1/2016,26.6674725
9/1/2016,26.47015778
10/1/2016,26.33207663
11/1/2016,26.2344557
12/1/2016,26.15723582
1/1/2017,26.05155582
2/1/2017,25.95828105
3/1/2017,25.88306504
4/1/2017,25.80842452
5/1/2017,25.74392856
6/1/2017,25.68741234
7/1/2017,25.64040228
8/1/2017,25.60402324
9/1/2017,25.57532669
10/1/2017,25.55093839
11/1/2017,25.52950858
12/1/2017,25.51301459
1/1/2018,25.49920043
2/1/2018,25.51105121
3/1/2018,25.50050835
4/1/2018,25.48921439
5/1/2018,25.4786983
6/1/2018,25.46813613
7/1/2018,25.48161964
8/1/2018,25.44821988
9/1/2018,25.4382619
10/1/2018,25.4213618
11/1/2018,25.4112958
12/1/2018,25.4015142
1/1/2019,25.39138223
2/1/2019,25.38125506
3/1/2019,25.37213936
4/1/2019,25.36213251
5/1/2019,25.35263073
6/1/2019,25.34308771
7/1/2019,25.33387861
8/1/2019,25.32299941
9/1/2019,25.29431777
10/1/2019,25.24688673
11/1/2019,25.20588811
12/1/2019,25.21352814
1/1/2020,25.19857509
2/1/2020,25.20981041
3/1/2020,25.22959242
4/1/2020,25.21970775
5/1/2020,25.19699667
6/1/2020,25.16410813
7/1/2020,25.15395867
8/1/2020,25.16528993
9/1/2020,25.15137439
10/1/2020,25.13266596
11/1/2020,25.08341292
12/1/2020,25.0445334
1/1/2021,25.00565924
2/1/2021,24.97694973
3/1/2021,24.95999545
4/1/2021,24.94665793
5/1/2021,24.94561357
6/1/2021,24.92363183
7/1/2021,24.86414225
8/1/2021,24.76316606
9/1/2021,24.63711135
10/1/2021,24.4908773
11/1/2021,24.3155994
12/1/2021,24.1352973
1/1/2022,23.92559983
2/1/2022,23.83921733
3/1/2022,23.74359686
4/1/2022,23.70417157
5/1/2022,23.66294269
6/1/2022,23.59950493
7/1/2022,23.49736343
8/1/2022,23.34784304
9/1/2022,23.14886012
10/1/2022,22.96884994
11/1/2022,22.76668295
12/1/2022,22.55911317
1/1/2023,22.35999228
2/1/2023,22.16176898
3/1/2023,22.06810609
4/1/2023,21.98652577
5/1/2023,21.96613639
6/1/2023,21.953175
7/1/2023,21.94023801
8/1/2023,21.92349988
9/1/2023,21.90277631
10/1/2023,21.84542638
11/1/2023,21.75495784
12/1/2023,21.68684958
1/1/2024,21.68957479
2/1/2024,21.6773491
3/1/2024,21.66586604
4/1/2024,21.65357666
5/1/2024,21.64178326
6/1/2024,21.62987678
7/1/2024,21.61869051
8/1/2024,21.60749343
9/1/2024,21.59662715
10/1/2024,21.58638619
11/1/2024,21.57605903
12/1/2024,21.56627309
1/1/2025,21.55635417
2/1/2025,21.54660474
3/1/2025,21.52317534
4/1/2025,21.51366635
5/1/2025,21.50458267
6/1/2025,21.4953138
7/1/2025,21.48644747
8/1/2025,21.47739018
9/1/2025,21.4684329
10/1/2025,21.45985534
11/1/2025,21.45108685
12/1/2025,21.44268872
1/1/2026,21.41908803
2/1/2026,21.41057415
3/1/2026,21.40295647
4/1/2026,21.39460922
5/1/2026,21.38661054
6/1/2026,21.37842741
7/1/2026,21.37058268
8/1/2026,21.36255302
9/1/2026,21.35459684
10/1/2026,21.34696368
11/1/2026,21.33914422
12/1/2026,21.33163859
1/1/2027,21.323946
2/1/2027,21.31631434
3/1/2027,21.30946928
4/1/2027,21.3019473
5/1/2027,21.29471852
6/1/2027,21.28730038
7/1/2027,21.28016769
8/1/2027,21.27284432
9/1/2027,21.26556579
10/1/2027,21.27361104
11/1/2027,21.26639837
12/1/2027,21.2594548
1/1/2028,21.25231693
2/1/2028,21.24521453
3/1/2028,21.23860009
4/1/2028,21.23156206
5/1/2028,21.2247804
6/1/2028,21.21780281
7/1/2028,21.21107762
8/1/2028,21.21896778
9/1/2028,21.212057
10/1/2028,21.20539412
11/1/2028,21.19853511
12/1/2028,21.19192104
1/1/2029,21.18511114
2/1/2029,21.17832538
3/1/2029,21.17221569
4/1/2029,21.16547469
5/1/2029,21.15897253
6/1/2029,21.15227598
7/1/2029,21.14581598
8/1/2029,21.13916211
9/1/2029,21.13252931
10/1/2029,21.12612985
11/1/2029,21.11953744
12/1/2029,21.11317645
1/1/2030,21.10662321
2/1/2030,21.10008948
3/1/2030,21.09420379
4/1/2030,21.08770656
5/1/2030,21.0814366
6/1/2030,21.07497633
7/1/2030,21.06874178
8/1/2030,21.06231774
9/1/2030,21.05591185
10/1/2030,21.04972947
11/1/2030,21.04335883
12/1/2030,21.03721025
1/1/2031,21.03087424
2/1/2031,21.02455557
3/1/2031,21.01886241
4/1/2031,21.0125763
5/1/2031,21.00650877
6/1/2031,21.0148183
7/1/2031,21.00876827
8/1/2031,21.00253295
9/1/2031,20.99631385
10/1/2031,20.99031043
11/1/2031,20.98412286
12/1/2031,20.97814972
1/1/2032,20.97199324
2/1/2032,20.96585243
3/1/2032,20.96012146
4/1/2032,20.95401081
5/1/2032,20.94811182
6/1/2032,20.95842559
7/1/2032,20.95255605
8/1/2032,20.94650628
9/1/2032,20.94047189
10/1/2032,20.93464651
11/1/2032,20.92864223
12/1/2032,20.9228459
1/1/2033,20.91687152
2/1/2033,20.91091226
3/1/2033,20.90554199
4/1/2033,20.89961137
5/1/2033,20.87935103
6/1/2033,20.87342442
7/1/2033,20.86770313
8/1/2033,20.86763344
9/1/2033,20.861779
10/1/2033,20.85612757
11/1/2033,20.85030287
12/1/2033,20.833484
1/1/2034,20.82767256
2/1/2034,20.82187626
3/1/2034,20.81665322
4/1/2034,20.81088568
5/1/2034,20.8053183
6/1/2034,20.79958037
7/1/2034,20.79404157
8/1/2034,20.78833308
9/1/2034,20.78263945
10/1/2034,20.77714336
11/1/2034,20.77147879
12/1/2034,20.76601069
1/1/2035,20.7603749
2/1/2035,20.75475363
3/1/2035,20.73844032
4/1/2035,20.73287053
5/1/2035,20.72749373
6/1/2035,20.72195186
7/1/2035,20.71660198
8/1/2035,20.71108783
9/1/2035,20.7055877
10/1/2035,20.7002781
11/1/2035,20.69480546
12/1/2035,20.68952239
1/1/2036,20.6840771
2/1/2036,20.67864567
3/1/2036,20.67357677
4/1/2036,20.66817212
5/1/2036,20.66295475
6/1/2036,20.65757723
7/1/2036,20.65238604
8/1/2036,20.64703547
9/1/2036,20.64169852
10/1/2036,20.63654641
11/1/2036,20.63123602
12/1/2036,20.62610947
1/1/2037,20.62082534
2/1/2037,20.60409325
3/1/2037,20.59932804
4/1/2037,20.59406537
5/1/2037,20.58898464
6/1/2037,20.58374744
7/1/2037,20.57869115
8/1/2037,20.58494837
9/1/2037,20.57972167
10/1/2037,20.57467524
11/1/2037,20.56947293
12/1/2037,20.56444989
1/1/2038,20.57058022
2/1/2038,20.56540446
3/1/2038,20.56073927
4/1/2038,20.55558601
5/1/2038,20.55060991
6/1/2038,20.54547952
7/1/2038,20.54052538
8/1/2038,20.5354175
9/1/2038,20.53032093
10/1/2038,20.52539928
11/1/2038,20.52032474
12/1/2038,20.51542427
1/1/2039,20.51037148
2/1/2039,20.50532963
3/1/2039,20.50078459
4/1/2039,20.49576338
5/1/2039,20.47953842
6/1/2039,20.47452125
7/1/2039,20.46967586
8/1/2039,20.46467946
9/1/2039,20.45969349
10/1/2039,20.45487806
11/1/2039,20.44991239
12/1/2039,20.44511644
1/1/2040,20.44017073
2/1/2040,20.43523504
3/1/2040,20.43062648
4/1/2040,20.42570995
5/1/2040,20.42096115
6/1/2040,20.41606376
7/1/2040,20.41133335
8/1/2040,20.40645478
9/1/2040,20.40158566
10/1/2040,20.39688239
11/1/2040,20.39203164
12/1/2040,20.387346
1/1/2041,20.37091397
2/1/2041,20.3660745
3/1/2041,20.36171072
4/1/2041,20.35688832
5/1/2041,20.34043821
6/1/2041,20.33562272
7/1/2041,20.33097078
8/1/2041,20.32617249
9/1/2041,20.32138284
10/1/2041,20.31675576
11/1/2041,20.31198299
12/1/2041,20.30737213
1/1/2042,20.30261602
2/1/2042,20.29786832
3/1/2042,20.29358688
4/1/2042,20.28885503
5/1/2042,20.27846798
6/1/2042,20.27375282
7/1/2042,20.26919744
8/1/2042,20.2644984
9/1/2042,20.25980751
10/1/2042,20.25527555
11/1/2042,20.25060062
12/1/2042,20.24608407
1/1/2043,20.24142502
2/1/2043,20.23677401
3/1/2043,20.23257965
4/1/2043,20.22794388
5/1/2043,20.22346513
6/1/2043,20.21884505
7/1/2043,20.21438144
8/1/2043,20.20977696
9/1/2043,20.20518039
10/1/2043,20.20073949
11/1/2043,20.20802628
12/1/2043,20.20358267
1/1/2044,20.19899882
2/1/2044,20.19442282
3/1/2044,20.19014891
4/1/2044,20.18558806
5/1/2044,20.18118163
6/1/2044,20.1766361
7/1/2044,20.17224446
8/1/2044,20.16771416
9/1/2044,20.16319158
10/1/2044,20.15882209
11/1/2044,20.15431463
12/1/2044,20.14995974
1/1/2045,20.14546732
2/1/2045,20.14098251
3/1/2045,20.1369379
4/1/2045,20.13246748
5/1/2045,20.12814833
6/1/2045,20.12369269
7/1/2045,20.11938778
8/1/2045,20.11494682
9/1/2045,20.11051327
10/1/2045,20.11799628
11/1/2045,20.1135669
12/1/2045,20.10928728
1/1/2046,20.1048723
2/1/2046,20.1004646
3/1/2046,20.09648937
4/1/2046,20.09209543
5/1/2046,20.08784998
6/1/2046,20.08347016
7/1/2046,20.07923832
8/1/2046,20.07487251
9/1/2046,20.07051377
10/1/2046,20.06630223
11/1/2046,20.06195732
12/1/2046,20.0577591
1/1/2047,20.06256498
2/1/2047,20.05822094
3/1/2047,20.05430291
4/1/2047,20.04997195
5/1/2047,20.0457871
6/1/2047,20.04146956
7/1/2047,20.03729765
8/1/2047,20.03299343
9/1/2047,20.02869594
10/1/2047,20.02454336
11/1/2047,20.02025903
12/1/2047,20.01611915
1/1/2048,20.02082137
2/1/2048,20.01654723
3/1/2048,20.0125546
4/1/2048,20.00829317
5/1/2048,20.00417533
6/1/2048,19.99992673
7/1/2048,19.99582127
8/1/2048,19.99158542
9/1/2048,19.98735602
10/1/2048,19.98326907
11/1/2048,19.97906623
12/1/2048,19.97501117
1/1/2049,19.97082729
2/1/2049,19.96664971
3/1/2049,19.96288156
4/1/2049,19.95871596
5/1/2049,19.95469059
6/1/2049,19.95053727
7/1/2049,19.94652376
8/1/2049,19.94238266
9/1/2049,19.93824774
10/1/2049,19.93425197
11/1/2049,19.94394397
12/1/2049,19.93995314
1/1/2050,19.93583539
2/1/2050,19.93172374
3/1/2050,19.92801495
4/1/2050,19.92391484
5/1/2050,19.91995266
6/1/2050,19.91586445
7/1/2050,19.91191374
8/1/2050,19.90783735
9/1/2050,19.90376693
10/1/2050,19.89983342
11/1/2050,19.89577473
12/1/2050,19.89185253
1/1/2051,19.88780551
2/1/2051,19.88376439
3/1/2051,19.88011915
4/1/2051,19.87608921
5/1/2051,19.87219476
6/1/2051,19.86817633
7/1/2051,19.86429298
8/1/2051,19.84829953
9/1/2051,19.84428292
10/1/2051,19.8404013
11/1/2051,19.83639607
12/1/2051,19.83252545
1/1/2052,19.82853155
2/1/2052,19.8245434
3/1/2052,19.82081756
4/1/2052,19.81684048
5/1/2052,19.81299704
6/1/2052,19.80903117
7/1/2052,19.80519857
8/1/2052,19.80124387
9/1/2052,19.79729484
10/1/2052,19.79347849
11/1/2052,19.78954056
12/1/2052,19.78573493
1/1/2053,19.78180805
2/1/2053,19.77788678
3/1/2053,19.77434954
4/1/2053,19.77043888
5/1/2053,19.76665958
6/1/2053,19.76275984
7/1/2053,19.75899109
8/1/2053,19.75510222
9/1/2053,19.75121885
10/1/2053,19.74746588
11/1/2053,19.74359328
12/1/2053,19.7398507
1/1/2054,19.7359888
2/1/2054,19.73213232
3/1/2054,19.72865345
4/1/2054,19.72480722
5/1/2054,19.7210901
6/1/2054,19.71725442
7/1/2054,19.71354749
8/1/2054,19.70972232
9/1/2054,19.70590246
10/1/2054,19.7022108
11/1/2054,19.69840136
12/1/2054,19.69471975
1/1/2055,19.6996294
2/1/2055,19.6958217
3/1/2055,19.69238673
4/1/2055,19.68858892
5/1/2055,19.68491848
6/1/2055,19.68113084
7/1/2055,19.6774702
8/1/2055,19.67369266
9/1/2055,19.66992024
10/1/2055,19.66627429
11/1/2055,19.66251189
12/1/2055,19.6588756
1/1/2056,19.65512315
2/1/2056,19.65137575
3/1/2056,19.66117309
4/1/2056,19.65742256
5/1/2056,19.65379771
6/1/2056,19.65005704
7/1/2056,19.64644172
8/1/2056,19.64271088
9/1/2056,19.63898502
10/1/2056,19.63538399
11/1/2056,19.63166789
12/1/2056,19.62807629
1/1/2057,19.62436989
2/1/2057,19.6206684
3/1/2057,19.61732911
4/1/2057,19.61363693
5/1/2057,19.61006841
6/1/2057,19.60638579
7/1/2057,19.60282648
8/1/2057,19.59915336
9/1/2057,19.59548503
10/1/2057,19.59193952
11/1/2057,19.58828061
12/1/2057,19.58474418
1/1/2058,19.58109461
2/1/2058,19.57744978
3/1/2058,19.57416153
4/1/2058,19.57052567
5/1/2058,19.5670115
6/1/2058,19.56338487
7/1/2058,19.55987961
8/1/2058,19.55626216
9/1/2058,19.55264935
10/1/2058,19.54915741
11/1/2058,19.53315409
12/1/2058,19.52965656
1/1/2059,19.52604703
2/1/2059,19.52244207
3/1/2059,19.5191897
4/1/2059,19.51559339
5/1/2059,19.51211733
6/1/2059,19.5085299
7/1/2059,19.5050624
8/1/2059,19.50148379
9/1/2059,19.49790963
10/1/2059,19.49445493
11/1/2059,19.4908895
12/1/2059,19.48744321
1/1/2060,19.48388644
2/1/2060,19.48033404
3/1/2060,19.47701465
4/1/2060,19.47347069
5/1/2060,19.47004512
6/1/2060,19.46650967
7/1/2060,19.46309231
8/1/2060,19.45956534
9/1/2060,19.45604264
10/1/2060,19.45263758
11/1/2060,19.44912328
12/1/2060,19.44572631
1/1/2061,19.44222034
