datetime,Mean CH  - layer 2 (Principal Aquifer (Outside Corcoran))
2/1/1901,251.0309305
3/1/1901,243.9304397
4/1/1901,241.0539114
5/1/1901,239.0381951
6/1/1901,237.330254
7/1/1901,235.3207583
8/1/1901,234.0321661
9/1/1901,232.4574208
10/1/1901,231.5535113
11/1/1901,230.8645655
12/1/1901,230.4298727
1/1/1902,230.1210197
2/1/1902,229.802969
3/1/1902,229.6361462
4/1/1902,229.4211378
5/1/1902,229.1799101
6/1/1902,227.0219051
7/1/1902,225.7228724
8/1/1902,223.9173961
9/1/1902,223.4277576
10/1/1902,223.1285089
11/1/1902,222.5929486
12/1/1902,220.4721662
1/1/1903,219.2464228
2/1/1903,216.7376944
3/1/1903,214.6732082
4/1/1903,213.1927905
5/1/1903,211.1701953
6/1/1903,210.5659625
7/1/1903,209.8472155
8/1/1903,209.2097337
9/1/1903,208.9695268
10/1/1903,208.7790956
11/1/1903,208.60385
12/1/1903,208.428992
1/1/1904,208.2073823
2/1/1904,207.9905201
3/1/1904,206.2374167
4/1/1904,205.7362379
5/1/1904,203.9675973
6/1/1904,203.6471547
7/1/1904,203.4122558
8/1/1904,202.3388649
9/1/1904,201.920945
10/1/1904,201.3141219
11/1/1904,201.1135127
12/1/1904,200.9807767
1/1/1905,200.8069158
2/1/1905,200.1662457
3/1/1905,198.4460464
4/1/1905,197.2413982
5/1/1905,196.77941
6/1/1905,195.7730489
7/1/1905,195.4964336
8/1/1905,195.3339019
9/1/1905,195.0657472
10/1/1905,194.7415306
11/1/1905,194.4923166
12/1/1905,194.3357514
1/1/1906,194.1821533
2/1/1906,194.0474323
3/1/1906,193.9148068
4/1/1906,193.7722254
5/1/1906,193.6537133
6/1/1906,193.5203567
7/1/1906,193.3961494
8/1/1906,193.2379428
9/1/1906,193.1206462
10/1/1906,193.0112734
11/1/1906,192.8875622
12/1/1906,192.7958429
1/1/1907,192.6707561
2/1/1907,192.5737059
3/1/1907,192.4742787
4/1/1907,192.3241291
5/1/1907,192.2162745
6/1/1907,192.1411545
7/1/1907,192.0078742
8/1/1907,190.771025
9/1/1907,190.3646557
10/1/1907,190.1932273
11/1/1907,189.5145959
12/1/1907,189.1078847
1/1/1908,188.7822961
2/1/1908,188.4327902
3/1/1908,187.6919435
4/1/1908,187.5041864
5/1/1908,187.386142
6/1/1908,187.2811883
7/1/1908,187.1952185
8/1/1908,187.0920268
9/1/1908,186.9871092
10/1/1908,186.9093776
11/1/1908,186.8039497
12/1/1908,186.7342962
1/1/1909,186.6545056
2/1/1909,186.5786856
3/1/1909,186.5132563
4/1/1909,186.4443734
5/1/1909,186.3730781
6/1/1909,186.3110254
7/1/1909,186.2541684
8/1/1909,186.1767531
9/1/1909,186.1108776
10/1/1909,186.0568476
11/1/1909,186.000372
12/1/1909,185.9579076
1/1/1910,185.9164044
2/1/1910,185.8774115
3/1/1910,185.8443464
4/1/1910,185.819985
5/1/1910,185.7986652
6/1/1910,185.769153
7/1/1910,185.7426157
8/1/1910,185.7261032
9/1/1910,185.7024164
10/1/1910,185.6754103
11/1/1910,185.6555426
12/1/1910,185.6381181
1/1/1911,185.6219713
2/1/1911,185.6156546
3/1/1911,185.6037059
4/1/1911,185.5917787
5/1/1911,185.581273
6/1/1911,185.5713223
7/1/1911,185.5623212
8/1/1911,185.5533802
9/1/1911,185.552214
10/1/1911,185.5189038
11/1/1911,185.4954581
12/1/1911,185.4229663
1/1/1912,185.4049828
2/1/1912,185.3365138
3/1/1912,184.9531729
4/1/1912,184.8771151
5/1/1912,184.8267476
6/1/1912,184.7571927
7/1/1912,184.698635
8/1/1912,184.6360949
9/1/1912,184.5876788
10/1/1912,184.5275193
11/1/1912,184.4751086
12/1/1912,184.2688511
1/1/1913,184.222184
2/1/1913,184.1487016
3/1/1913,184.0906565
4/1/1913,184.0395696
5/1/1913,183.994051
6/1/1913,183.9493563
7/1/1913,183.908554
8/1/1913,183.8695215
9/1/1913,183.8340426
10/1/1913,183.8096248
11/1/1913,183.7814085
12/1/1913,183.7639009
1/1/1914,183.7381851
2/1/1914,183.7201672
3/1/1914,183.712328
4/1/1914,183.6996094
5/1/1914,183.6953178
6/1/1914,183.6868528
7/1/1914,183.685821
8/1/1914,183.680166
9/1/1914,183.6756398
10/1/1914,183.6721748
11/1/1914,183.6694185
12/1/1914,183.6727085
1/1/1915,183.6762506
2/1/1915,183.6748763
3/1/1915,183.6738723
4/1/1915,183.6768907
5/1/1915,183.6761648
6/1/1915,183.6704538
7/1/1915,183.6699349
8/1/1915,183.6694708
9/1/1915,183.6729299
10/1/1915,183.6725848
11/1/1915,183.6672895
12/1/1915,183.6708538
1/1/1916,183.6705861
2/1/1916,183.6703396
3/1/1916,183.6701277
4/1/1916,183.6699213
5/1/1916,183.6697425
6/1/1916,183.669585
7/1/1916,183.6694624
8/1/1916,183.6731366
9/1/1916,183.6730814
10/1/1916,183.6730578
11/1/1916,183.673048
12/1/1916,183.6730463
1/1/1917,183.6730463
2/1/1917,183.6683387
3/1/1917,183.6683387
4/1/1917,183.6683387
5/1/1917,183.6683387
6/1/1917,183.6683387
7/1/1917,183.6683387
8/1/1917,183.6683387
9/1/1917,183.6683387
10/1/1917,183.6683387
11/1/1917,183.6683387
12/1/1917,183.6683387
1/1/1918,183.6683387
2/1/1918,183.6683387
3/1/1918,183.6683387
4/1/1918,183.6683387
5/1/1918,183.6683387
6/1/1918,183.6683387
7/1/1918,183.6683387
8/1/1918,183.6683387
9/1/1918,183.6719344
10/1/1918,183.6719344
11/1/1918,183.6719344
12/1/1918,183.6755569
1/1/1919,183.6755569
2/1/1919,183.6755569
3/1/1919,183.6755569
4/1/1919,183.6755569
5/1/1919,183.6755569
6/1/1919,183.6755569
7/1/1919,183.6755569
8/1/1919,183.6755569
9/1/1919,183.6755569
10/1/1919,183.6755569
11/1/1919,183.6755569
12/1/1919,183.6755569
1/1/1920,183.6755569
2/1/1920,183.6755569
3/1/1920,183.6755569
4/1/1920,183.6755569
5/1/1920,183.6755569
6/1/1920,183.6755569
7/1/1920,183.6755569
8/1/1920,183.671148
9/1/1920,183.671148
10/1/1920,183.671148
11/1/1920,183.671148
12/1/1920,183.671148
1/1/1921,183.671148
2/1/1921,183.671148
3/1/1921,183.671148
4/1/1921,183.671148
5/1/1921,183.671148
6/1/1921,183.671148
7/1/1921,183.671148
8/1/1921,183.671148
9/1/1921,183.671148
10/1/1921,183.671148
11/1/1921,183.6746601
12/1/1921,183.6746601
1/1/1922,183.6746601
2/1/1922,183.6797391
3/1/1922,183.6803573
4/1/1922,183.6801774
5/1/1922,183.6801774
6/1/1922,183.6844886
7/1/1922,183.6841628
8/1/1922,183.6721275
9/1/1922,183.6719335
10/1/1922,183.6718553
11/1/1922,183.6717113
12/1/1922,183.671567
1/1/1923,183.6714134
2/1/1923,183.6578717
3/1/1923,183.6567612
4/1/1923,183.6558787
5/1/1923,183.6549165
6/1/1923,183.6540281
7/1/1923,183.6506509
8/1/1923,183.6443316
9/1/1923,183.623193
10/1/1923,183.6128402
11/1/1923,183.6046356
12/1/1923,183.4884755
1/1/1924,183.4830004
2/1/1924,183.476162
3/1/1924,183.4551957
4/1/1924,183.4567154
5/1/1924,183.4537414
6/1/1924,183.4591439
7/1/1924,183.45032
8/1/1924,183.4539659
9/1/1924,183.4571143
10/1/1924,183.455924
11/1/1924,183.4532303
12/1/1924,183.4499255
1/1/1925,183.4464918
2/1/1925,183.4399193
3/1/1925,183.4345207
4/1/1925,183.4260793
5/1/1925,183.4219223
6/1/1925,183.418675
7/1/1925,183.419816
8/1/1925,183.4183089
9/1/1925,183.4173393
10/1/1925,183.4167443
11/1/1925,183.4195353
12/1/1925,183.4192597
1/1/1926,183.4190996
2/1/1926,183.4190247
3/1/1926,183.4189885
4/1/1926,183.418959
5/1/1926,183.4158118
6/1/1926,183.4157714
7/1/1926,183.415717
8/1/1926,183.4155015
9/1/1926,183.4055474
10/1/1926,183.3950025
11/1/1926,183.3870278
12/1/1926,183.3852214
1/1/1927,183.3834229
2/1/1927,183.3819197
3/1/1927,183.3923836
4/1/1927,183.368423
5/1/1927,183.3673748
6/1/1927,183.3664635
7/1/1927,183.3659373
8/1/1927,183.3653749
9/1/1927,183.3648116
10/1/1927,183.3642352
11/1/1927,183.3636269
12/1/1927,183.3630566
1/1/1928,183.3624888
2/1/1928,183.3619385
3/1/1928,183.3641883
4/1/1928,183.3607188
5/1/1928,183.3620332
6/1/1928,183.3603372
7/1/1928,183.3590695
8/1/1928,183.3578207
9/1/1928,183.3567023
10/1/1928,183.3590389
11/1/1928,183.3612314
12/1/1928,183.3607055
1/1/1929,183.3602926
2/1/1929,183.3626386
3/1/1929,183.3622182
4/1/1929,183.36181
5/1/1929,183.3614677
6/1/1929,183.3611428
7/1/1929,183.3608425
8/1/1929,183.3605488
9/1/1929,183.360273
10/1/1929,183.3600236
11/1/1929,183.3597848
12/1/1929,183.3595714
1/1/1930,183.3593692
2/1/1930,183.3591846
3/1/1930,183.3590314
4/1/1930,183.3588774
5/1/1930,183.3587419
6/1/1930,183.3586155
7/1/1930,183.3585053
8/1/1930,183.3584005
9/1/1930,183.3583008
10/1/1930,183.358206
11/1/1930,183.3581095
12/1/1930,183.3580181
1/1/1931,183.3579262
2/1/1931,183.3578378
3/1/1931,183.3577614
4/1/1931,183.3576817
5/1/1931,183.3576099
6/1/1931,183.3575422
7/1/1931,183.3574832
8/1/1931,183.3574298
9/1/1931,183.3573842
10/1/1931,183.3573476
11/1/1931,183.357318
12/1/1931,183.3572971
1/1/1932,183.3572837
2/1/1932,183.3572784
3/1/1932,183.3572784
4/1/1932,183.3572784
5/1/1932,183.3572784
6/1/1932,183.3572784
7/1/1932,183.3572784
8/1/1932,183.3572784
9/1/1932,183.3572784
10/1/1932,183.3572784
11/1/1932,183.3572784
12/1/1932,183.3572784
1/1/1933,183.3572784
2/1/1933,183.3572784
3/1/1933,183.3572784
4/1/1933,183.3572784
5/1/1933,183.3572784
6/1/1933,183.3572784
7/1/1933,183.3572784
8/1/1933,183.3572784
9/1/1933,183.3572784
10/1/1933,183.3572784
11/1/1933,183.3572784
12/1/1933,183.3572784
1/1/1934,183.3572784
2/1/1934,183.3572784
3/1/1934,183.3572784
4/1/1934,183.3572784
5/1/1934,183.3572784
6/1/1934,183.3572784
7/1/1934,183.3572784
8/1/1934,183.3572784
9/1/1934,183.3572784
10/1/1934,183.3572784
11/1/1934,183.3572784
12/1/1934,183.3572784
1/1/1935,183.3572784
2/1/1935,183.3572784
3/1/1935,183.3572784
4/1/1935,183.3572784
5/1/1935,183.3572784
6/1/1935,183.3572784
7/1/1935,183.3572784
8/1/1935,183.3572784
9/1/1935,183.3572784
10/1/1935,183.3572784
11/1/1935,183.3572784
12/1/1935,183.3572784
1/1/1936,183.3572784
2/1/1936,183.3572784
3/1/1936,183.3572784
4/1/1936,183.3572784
5/1/1936,183.3572784
6/1/1936,183.3572784
7/1/1936,183.3572784
8/1/1936,183.3572784
9/1/1936,183.3572784
10/1/1936,183.3572784
11/1/1936,183.3572784
12/1/1936,183.3572784
1/1/1937,183.3572784
2/1/1937,183.3572784
3/1/1937,183.3572784
4/1/1937,183.3572784
5/1/1937,183.3572784
6/1/1937,183.3572784
7/1/1937,183.3572784
8/1/1937,183.3572784
9/1/1937,183.3572784
10/1/1937,183.3572784
11/1/1937,183.3572784
12/1/1937,183.3572784
1/1/1938,183.3572784
2/1/1938,183.3572784
3/1/1938,183.3572784
4/1/1938,183.3572784
5/1/1938,183.3572784
6/1/1938,183.3572784
7/1/1938,183.3572784
8/1/1938,183.3572784
9/1/1938,183.3572784
10/1/1938,183.3572784
11/1/1938,183.3572784
12/1/1938,183.3572784
1/1/1939,183.3572784
2/1/1939,183.3572784
3/1/1939,183.3572784
4/1/1939,183.3572784
5/1/1939,183.3572784
6/1/1939,183.3572784
7/1/1939,183.3572784
8/1/1939,183.3572784
9/1/1939,183.3572784
10/1/1939,183.3572784
11/1/1939,183.3572784
12/1/1939,183.3572784
1/1/1940,183.3572784
2/1/1940,183.3572784
3/1/1940,183.3572784
4/1/1940,183.3572784
5/1/1940,183.3572784
6/1/1940,183.3572784
7/1/1940,183.3572784
8/1/1940,183.3572784
9/1/1940,183.3572784
10/1/1940,183.3572784
11/1/1940,183.3572784
12/1/1940,183.3572784
1/1/1941,183.3572784
2/1/1941,183.3572784
3/1/1941,183.3572784
4/1/1941,183.3572784
5/1/1941,183.3572784
6/1/1941,183.3572784
7/1/1941,183.3572784
8/1/1941,183.3572784
9/1/1941,183.3572784
10/1/1941,183.3572784
11/1/1941,183.3572784
12/1/1941,183.3572784
1/1/1942,183.3572784
2/1/1942,183.3572784
3/1/1942,183.3572784
4/1/1942,183.3572784
5/1/1942,183.3572784
6/1/1942,183.3572784
7/1/1942,183.3572784
8/1/1942,183.3572784
9/1/1942,183.3572784
10/1/1942,183.3572784
11/1/1942,183.3572784
12/1/1942,183.3572784
1/1/1943,183.3572784
2/1/1943,183.3572784
3/1/1943,183.3572784
4/1/1943,183.3572784
5/1/1943,183.3572784
6/1/1943,183.3572784
7/1/1943,183.3572784
8/1/1943,183.3572784
9/1/1943,183.3572784
10/1/1943,183.3572784
11/1/1943,183.3572784
12/1/1943,183.3572784
1/1/1944,183.3572784
2/1/1944,183.3572784
3/1/1944,183.3572784
4/1/1944,183.3572784
5/1/1944,183.3572784
6/1/1944,183.3572784
7/1/1944,183.3572784
8/1/1944,183.3572784
9/1/1944,183.3572784
10/1/1944,183.3572784
11/1/1944,183.3572784
12/1/1944,183.3572784
1/1/1945,183.3572784
2/1/1945,183.3572784
3/1/1945,183.3572784
4/1/1945,183.3572784
5/1/1945,183.3572784
6/1/1945,183.3572784
7/1/1945,183.3572784
8/1/1945,183.3572784
9/1/1945,183.3572784
10/1/1945,183.3572784
11/1/1945,183.3572784
12/1/1945,183.3572784
1/1/1946,183.3572784
2/1/1946,183.3572784
3/1/1946,183.3572784
4/1/1946,183.3572784
5/1/1946,183.3572784
6/1/1946,183.3572784
7/1/1946,183.3572784
8/1/1946,183.3572784
9/1/1946,183.3572784
10/1/1946,183.3572784
11/1/1946,183.3572784
12/1/1946,183.3572784
1/1/1947,183.3572784
2/1/1947,183.3572784
3/1/1947,183.3572784
4/1/1947,183.3572784
5/1/1947,183.3572784
6/1/1947,183.3572784
7/1/1947,183.3572784
8/1/1947,183.3572784
9/1/1947,183.3572784
10/1/1947,183.3572784
11/1/1947,183.3572784
12/1/1947,183.3572784
1/1/1948,183.3572784
2/1/1948,183.3572784
3/1/1948,183.3572784
4/1/1948,183.3572784
5/1/1948,183.3572784
6/1/1948,183.3572784
7/1/1948,183.3572784
8/1/1948,183.3572784
9/1/1948,183.3572784
10/1/1948,183.3572784
11/1/1948,183.3572784
12/1/1948,183.3572784
1/1/1949,183.3572784
2/1/1949,183.3572784
3/1/1949,183.3572784
4/1/1949,183.3572784
5/1/1949,183.3572784
6/1/1949,183.3572784
7/1/1949,183.3572784
8/1/1949,183.3572784
9/1/1949,183.3572784
10/1/1949,183.3572784
11/1/1949,183.3572784
12/1/1949,183.3572784
1/1/1950,183.3572784
2/1/1950,183.3572784
3/1/1950,183.3572784
4/1/1950,183.3572784
5/1/1950,183.3572784
6/1/1950,183.3572784
7/1/1950,183.3572784
8/1/1950,183.3572784
9/1/1950,183.3572784
10/1/1950,183.3572784
11/1/1950,183.3572784
12/1/1950,183.3572784
1/1/1951,183.3572784
2/1/1951,183.3572784
3/1/1951,183.3572784
4/1/1951,183.3572784
5/1/1951,183.3572784
6/1/1951,183.3572784
7/1/1951,183.3572784
8/1/1951,183.3572784
9/1/1951,183.3572784
10/1/1951,183.3572784
11/1/1951,183.3572784
12/1/1951,183.3572784
1/1/1952,183.3572784
2/1/1952,183.3572784
3/1/1952,183.3572784
4/1/1952,183.3572784
5/1/1952,183.3572784
6/1/1952,183.3572784
7/1/1952,183.3572784
8/1/1952,183.3572784
9/1/1952,183.3572784
10/1/1952,183.3572784
11/1/1952,183.3572784
12/1/1952,183.3572784
1/1/1953,183.3572784
2/1/1953,183.3572784
3/1/1953,183.3572784
4/1/1953,183.3572784
5/1/1953,183.3572784
6/1/1953,183.3572784
7/1/1953,183.3572784
8/1/1953,183.3572784
9/1/1953,183.3572784
10/1/1953,183.3572784
11/1/1953,183.3572784
12/1/1953,183.3572784
1/1/1954,183.3572784
2/1/1954,183.3572784
3/1/1954,183.3572784
4/1/1954,183.3572784
5/1/1954,183.3527321
6/1/1954,183.3527321
7/1/1954,183.3527321
8/1/1954,183.3527321
9/1/1954,183.3527321
10/1/1954,183.3527321
11/1/1954,183.3527321
12/1/1954,183.3527321
1/1/1955,183.3527321
2/1/1955,183.3527321
3/1/1955,183.3527321
4/1/1955,183.3527321
5/1/1955,183.3527321
6/1/1955,183.3527321
7/1/1955,183.3527321
8/1/1955,183.3527321
9/1/1955,183.3527321
10/1/1955,183.3527321
11/1/1955,183.3527321
12/1/1955,183.3527321
1/1/1956,183.3527321
2/1/1956,183.3527321
3/1/1956,183.3527321
4/1/1956,183.3527321
5/1/1956,183.3527321
6/1/1956,183.3527321
7/1/1956,183.3527321
8/1/1956,183.3527321
9/1/1956,183.3527321
10/1/1956,183.3527321
11/1/1956,183.3527321
12/1/1956,183.3527321
1/1/1957,183.3527321
2/1/1957,183.3527321
3/1/1957,183.3527321
4/1/1957,183.3527321
5/1/1957,183.3527321
6/1/1957,183.3527321
7/1/1957,183.3527321
8/1/1957,183.3527321
9/1/1957,183.3527321
10/1/1957,183.3527321
11/1/1957,183.3527321
12/1/1957,183.3527321
1/1/1958,183.3527321
2/1/1958,183.3527321
3/1/1958,183.3527321
4/1/1958,183.3527321
5/1/1958,183.3527321
6/1/1958,183.3527321
7/1/1958,183.3527321
8/1/1958,183.3527321
9/1/1958,183.3527321
10/1/1958,183.3527321
11/1/1958,183.3527321
12/1/1958,183.3527321
1/1/1959,183.3527321
2/1/1959,183.3527321
3/1/1959,183.3527321
4/1/1959,183.3527321
5/1/1959,183.3527321
6/1/1959,183.3527321
7/1/1959,183.3527321
8/1/1959,183.3527321
9/1/1959,183.3527321
10/1/1959,183.3527321
11/1/1959,183.3527321
12/1/1959,183.3527321
1/1/1960,183.3527321
2/1/1960,183.3527321
3/1/1960,183.3527321
4/1/1960,183.3527321
5/1/1960,183.3527321
6/1/1960,183.3527321
7/1/1960,183.3527321
8/1/1960,183.3527321
9/1/1960,183.3527321
10/1/1960,183.3527321
11/1/1960,183.3527321
12/1/1960,183.3527321
1/1/1961,183.3527321
2/1/1961,183.3527321
3/1/1961,183.3527321
4/1/1961,183.3527321
5/1/1961,183.3527321
6/1/1961,183.3527321
7/1/1961,183.3527321
8/1/1961,183.3527321
9/1/1961,183.3527321
10/1/1961,183.3527321
11/1/1961,183.3527321
12/1/1961,183.3527321
1/1/1962,183.3527321
2/1/1962,183.3527321
3/1/1962,183.3527321
4/1/1962,183.3527321
5/1/1962,183.3527321
6/1/1962,183.3527321
7/1/1962,183.3527321
8/1/1962,183.3527321
9/1/1962,183.3527321
10/1/1962,183.3527321
11/1/1962,183.3527321
12/1/1962,183.3527321
1/1/1963,183.3527321
2/1/1963,183.3527321
3/1/1963,183.3527321
4/1/1963,183.3527321
5/1/1963,183.3527321
6/1/1963,183.3527321
7/1/1963,183.3527321
8/1/1963,183.3527321
9/1/1963,183.3527321
10/1/1963,183.3527321
11/1/1963,183.3527321
12/1/1963,183.3527321
1/1/1964,183.3527321
2/1/1964,183.3527321
3/1/1964,183.3527321
4/1/1964,183.3527321
5/1/1964,183.3527321
6/1/1964,183.3527321
7/1/1964,183.3527321
8/1/1964,183.3527321
9/1/1964,183.3527321
10/1/1964,183.3527321
11/1/1964,183.3527321
12/1/1964,183.3527321
1/1/1965,183.3527321
2/1/1965,183.3527321
3/1/1965,183.3527321
4/1/1965,183.3527321
5/1/1965,183.3527321
6/1/1965,183.3527321
7/1/1965,183.3527321
8/1/1965,183.3527321
9/1/1965,183.3527321
10/1/1965,183.3527321
11/1/1965,183.3527321
12/1/1965,183.3527321
1/1/1966,183.3527321
2/1/1966,183.3527321
3/1/1966,183.3527321
4/1/1966,183.3527321
5/1/1966,183.3527321
6/1/1966,183.3527321
7/1/1966,183.3527321
8/1/1966,183.3527321
9/1/1966,183.3527321
10/1/1966,183.3527321
11/1/1966,183.3527321
12/1/1966,183.3527321
1/1/1967,183.3527321
2/1/1967,183.3527321
3/1/1967,183.3527321
4/1/1967,183.3527321
5/1/1967,183.3527321
6/1/1967,183.3527321
7/1/1967,183.3527321
8/1/1967,183.3520372
9/1/1967,183.3435805
10/1/1967,183.3317658
11/1/1967,183.3222188
12/1/1967,183.3210439
1/1/1968,183.3109361
2/1/1968,183.3128334
3/1/1968,183.312195
4/1/1968,183.311698
5/1/1968,183.3112008
6/1/1968,183.3107154
7/1/1968,183.3044771
8/1/1968,183.2988242
9/1/1968,183.297997
10/1/1968,183.2972881
11/1/1968,183.306854
12/1/1968,183.2966562
1/1/1969,183.3947954
2/1/1969,183.3016246
3/1/1969,183.2731457
4/1/1969,183.2749308
5/1/1969,183.2554372
6/1/1969,183.2500709
7/1/1969,183.2387304
8/1/1969,183.2559298
9/1/1969,183.101038
10/1/1969,182.5326555
11/1/1969,182.4250109
12/1/1969,182.3869086
1/1/1970,182.3718345
2/1/1970,182.349037
3/1/1970,182.3299387
4/1/1970,182.3147484
5/1/1970,182.2995553
6/1/1970,182.284051
7/1/1970,182.2688058
8/1/1970,182.2464224
9/1/1970,182.2302913
10/1/1970,182.2091396
11/1/1970,182.1723012
12/1/1970,181.6106592
1/1/1971,181.5155496
2/1/1971,181.4786931
3/1/1971,181.4523956
4/1/1971,181.4387541
5/1/1971,181.4094786
6/1/1971,181.3880537
7/1/1971,181.3621906
8/1/1971,181.3376425
9/1/1971,181.3231999
10/1/1971,181.2802691
11/1/1971,179.1832345
12/1/1971,178.8017777
1/1/1972,178.5856319
2/1/1972,178.498672
3/1/1972,178.4583622
4/1/1972,178.4267596
5/1/1972,178.3922127
6/1/1972,178.3591043
7/1/1972,178.3318496
8/1/1972,178.2695354
9/1/1972,178.0957512
10/1/1972,177.2760278
11/1/1972,176.6489153
12/1/1972,174.8240755
1/1/1973,173.1078809
2/1/1973,172.7481768
3/1/1973,172.4008457
4/1/1973,171.1833313
5/1/1973,170.8714154
6/1/1973,170.7385199
7/1/1973,170.6455032
8/1/1973,170.4963183
9/1/1973,170.2217149
10/1/1973,170.1268828
11/1/1973,170.0468121
12/1/1973,169.9766583
1/1/1974,169.913577
2/1/1974,169.8469937
3/1/1974,169.7876898
4/1/1974,169.7278278
5/1/1974,169.6629607
6/1/1974,169.5953972
7/1/1974,169.5368612
8/1/1974,169.481874
9/1/1974,169.428325
10/1/1974,169.3745046
11/1/1974,169.3204596
12/1/1974,169.269126
1/1/1975,169.2212632
2/1/1975,169.1712997
3/1/1975,169.1271802
4/1/1975,169.079523
5/1/1975,169.0342199
6/1/1975,168.8045009
7/1/1975,166.7863012
8/1/1975,165.0854982
9/1/1975,164.2718414
10/1/1975,163.8365645
11/1/1975,163.5829476
12/1/1975,163.3905827
1/1/1976,163.2119174
2/1/1976,163.147577
3/1/1976,163.0938703
4/1/1976,163.0435498
5/1/1976,162.9905998
6/1/1976,162.9375678
7/1/1976,162.8836142
8/1/1976,162.8304219
9/1/1976,162.7751718
10/1/1976,162.7272346
11/1/1976,162.1962345
12/1/1976,161.8860177
1/1/1977,161.7700177
2/1/1977,161.6948299
3/1/1977,161.6510548
4/1/1977,161.6056021
5/1/1977,161.5622271
6/1/1977,161.5182619
7/1/1977,161.4764454
8/1/1977,161.4225837
9/1/1977,161.3099915
10/1/1977,160.0097978
11/1/1977,158.5391665
12/1/1977,157.8307535
1/1/1978,157.435735
2/1/1978,157.3196586
3/1/1978,157.2717015
4/1/1978,157.2167596
5/1/1978,157.1627994
6/1/1978,157.0654162
7/1/1978,156.9655468
8/1/1978,156.3144803
9/1/1978,155.9716238
10/1/1978,155.7533275
11/1/1978,155.6602693
12/1/1978,155.5922435
1/1/1979,155.5352596
2/1/1979,155.482379
3/1/1979,155.4358981
4/1/1979,155.3867669
5/1/1979,155.3384599
6/1/1979,155.2964796
7/1/1979,155.2597479
8/1/1979,155.2186243
9/1/1979,155.183365
10/1/1979,155.1514672
11/1/1979,155.125288
12/1/1979,155.1052846
1/1/1980,155.0834471
2/1/1980,155.0666847
3/1/1980,155.049741
4/1/1980,155.0369931
5/1/1980,155.0265778
6/1/1980,155.0176458
7/1/1980,155.0104104
8/1/1980,155.0081013
9/1/1980,155.002666
10/1/1980,155.001912
11/1/1980,154.9975595
12/1/1980,154.9935925
1/1/1981,154.9895456
2/1/1981,154.9853936
3/1/1981,154.9815348
4/1/1981,154.9771347
5/1/1981,154.9728012
6/1/1981,154.9742721
7/1/1981,154.9697873
8/1/1981,154.9595884
9/1/1981,154.9593387
10/1/1981,154.9538903
11/1/1981,154.9554567
12/1/1981,154.9471022
1/1/1982,154.938747
2/1/1982,154.9321393
3/1/1982,154.9222003
4/1/1982,154.9095863
5/1/1982,154.8962925
6/1/1982,154.8853034
7/1/1982,154.8760212
8/1/1982,154.8642871
9/1/1982,154.8479413
10/1/1982,154.8317514
11/1/1982,154.7908406
12/1/1982,154.725542
1/1/1983,154.6917951
2/1/1983,154.6683065
3/1/1983,154.6479375
4/1/1983,154.6262639
5/1/1983,154.6056231
6/1/1983,154.5848402
7/1/1983,154.5657509
8/1/1983,154.547459
9/1/1983,154.5310015
10/1/1983,154.5167965
11/1/1983,154.5020244
12/1/1983,154.4904672
1/1/1984,154.483878
2/1/1984,154.4743419
3/1/1984,154.46919
4/1/1984,154.4605295
5/1/1984,154.4557213
6/1/1984,154.4542636
7/1/1984,154.4519105
8/1/1984,154.4525628
9/1/1984,154.4512122
10/1/1984,154.4501762
11/1/1984,154.4498017
12/1/1984,154.3808333
1/1/1985,154.3843102
2/1/1985,154.3833992
3/1/1985,154.3824638
4/1/1985,154.3833997
5/1/1985,154.3819585
6/1/1985,154.3824041
7/1/1985,154.3827447
8/1/1985,154.3811057
9/1/1985,154.3795767
10/1/1985,154.3782626
11/1/1985,154.3771057
12/1/1985,154.3761478
1/1/1986,154.3752847
2/1/1986,154.3745247
3/1/1986,154.3739129
4/1/1986,154.3752525
5/1/1986,154.3747217
6/1/1986,154.3742686
7/1/1986,154.3757542
8/1/1986,154.3753727
9/1/1986,154.3731671
10/1/1986,154.3729223
11/1/1986,154.3727202
12/1/1986,154.3725676
1/1/1987,154.3724435
2/1/1987,154.3723401
3/1/1987,154.3722626
4/1/1987,154.372194
5/1/1987,154.3652814
6/1/1987,154.3652329
7/1/1987,154.3512536
8/1/1987,154.2742744
9/1/1987,153.8041895
10/1/1987,152.9193789
11/1/1987,152.1045554
12/1/1987,150.4848049
1/1/1988,150.3834216
2/1/1988,150.3555407
3/1/1988,150.3512514
4/1/1988,150.3496264
5/1/1988,150.3482342
6/1/1988,150.3409969
7/1/1988,150.2997765
8/1/1988,150.1457477
9/1/1988,148.3171649
10/1/1988,147.0484257
11/1/1988,144.8899488
12/1/1988,143.7690569
1/1/1989,143.4725374
2/1/1989,143.3312506
3/1/1989,143.2629852
4/1/1989,143.2020677
5/1/1989,143.1450942
6/1/1989,143.0821093
7/1/1989,143.020998
8/1/1989,142.9503773
9/1/1989,142.7969636
10/1/1989,142.6227554
11/1/1989,142.4080768
12/1/1989,142.1693009
1/1/1990,142.0836784
2/1/1990,142.0184926
3/1/1990,141.9652133
4/1/1990,141.9121507
5/1/1990,141.847809
6/1/1990,140.7825467
7/1/1990,138.6803383
8/1/1990,137.8878806
9/1/1990,136.105883
10/1/1990,133.9668662
11/1/1990,132.6408818
12/1/1990,132.3148877
1/1/1991,132.1963153
2/1/1991,132.108657
3/1/1991,132.0374787
4/1/1991,131.9684352
5/1/1991,131.8929567
6/1/1991,131.8190443
7/1/1991,131.7501103
8/1/1991,131.6840732
9/1/1991,131.6256635
10/1/1991,131.5686638
11/1/1991,131.4838249
12/1/1991,131.3824943
1/1/1992,131.2714342
2/1/1992,131.1956847
3/1/1992,131.1351572
4/1/1992,131.0738759
5/1/1992,131.0156216
6/1/1992,130.9534818
7/1/1992,130.8992826
8/1/1992,130.845593
9/1/1992,130.7843705
10/1/1992,130.0827328
11/1/1992,128.5718201
12/1/1992,128.1614064
1/1/1993,128.0297459
2/1/1993,127.9594731
3/1/1993,127.9076552
4/1/1993,127.8502609
5/1/1993,127.7955387
6/1/1993,127.7364252
7/1/1993,127.6727268
8/1/1993,127.6215281
9/1/1993,127.5663549
10/1/1993,127.5016496
11/1/1993,127.4356578
12/1/1993,127.362417
1/1/1994,127.3103171
2/1/1994,127.2569968
3/1/1994,127.2153018
4/1/1994,127.1685292
5/1/1994,127.125221
6/1/1994,127.0734558
7/1/1994,127.0325243
8/1/1994,126.9831501
9/1/1994,126.8664493
10/1/1994,126.6837638
11/1/1994,126.0756617
12/1/1994,124.9636737
1/1/1995,124.7303982
2/1/1995,124.6297515
3/1/1995,124.5727752
4/1/1995,124.5229294
5/1/1995,124.4695524
6/1/1995,124.4189754
7/1/1995,124.3645821
8/1/1995,124.2902628
9/1/1995,124.0319339
10/1/1995,122.5545811
11/1/1995,122.2343675
12/1/1995,121.6013387
1/1/1996,121.4895769
2/1/1996,121.4318429
3/1/1996,121.3860665
4/1/1996,121.3382527
5/1/1996,121.2908306
6/1/1996,121.2481999
7/1/1996,121.2146225
8/1/1996,121.1780547
9/1/1996,121.1440012
10/1/1996,121.1104357
11/1/1996,121.0683895
12/1/1996,120.7937604
1/1/1997,120.6765481
2/1/1997,120.5743178
3/1/1997,120.502336
4/1/1997,120.4348839
5/1/1997,120.3759097
6/1/1997,120.023345
7/1/1997,119.5416879
8/1/1997,118.5808929
9/1/1997,117.2150911
10/1/1997,115.951939
11/1/1997,114.3285602
12/1/1997,112.8681254
1/1/1998,112.6726764
2/1/1998,112.6113633
3/1/1998,112.5641808
4/1/1998,112.5106416
5/1/1998,112.4614248
6/1/1998,112.4147118
7/1/1998,112.3738844
8/1/1998,112.3327434
9/1/1998,112.299289
10/1/1998,112.2632519
11/1/1998,112.2324002
12/1/1998,112.2010466
1/1/1999,112.1732758
2/1/1999,112.1493625
3/1/1999,112.1222345
4/1/1999,112.0996487
5/1/1999,112.0784714
6/1/1999,112.0569826
7/1/1999,112.0359776
8/1/1999,112.0161832
9/1/1999,111.9927334
10/1/1999,111.9274549
11/1/1999,110.8729772
12/1/1999,110.1058639
1/1/2000,109.7840389
2/1/2000,109.6186536
3/1/2000,109.4609259
4/1/2000,109.3152456
5/1/2000,108.3728978
6/1/2000,107.8683864
7/1/2000,107.1459952
8/1/2000,106.9875553
9/1/2000,106.0140232
10/1/2000,105.1547005
11/1/2000,104.2252335
12/1/2000,103.0132806
1/1/2001,102.3632574
2/1/2001,101.4157953
3/1/2001,100.0948069
4/1/2001,99.34310737
5/1/2001,99.06627163
6/1/2001,98.5201176
7/1/2001,97.70982873
8/1/2001,96.82870594
9/1/2001,96.60008642
10/1/2001,96.36454766
11/1/2001,96.24562498
12/1/2001,96.08653767
1/1/2002,95.89496205
2/1/2002,95.77604487
3/1/2002,95.68848657
4/1/2002,95.5855274
5/1/2002,95.36292495
6/1/2002,94.88804543
7/1/2002,94.62100852
8/1/2002,94.44108293
9/1/2002,94.22905199
10/1/2002,93.81735062
11/1/2002,93.64416784
12/1/2002,93.07014275
1/1/2003,92.87093531
2/1/2003,92.57963251
3/1/2003,92.39464349
4/1/2003,92.26655557
5/1/2003,92.12759046
6/1/2003,91.99129469
7/1/2003,91.6116698
8/1/2003,91.44015112
9/1/2003,91.27233479
10/1/2003,91.09411792
11/1/2003,90.98240717
12/1/2003,90.86023316
1/1/2004,90.76232733
2/1/2004,90.66999212
3/1/2004,90.6008761
4/1/2004,90.53261301
5/1/2004,90.4646713
6/1/2004,90.40731624
7/1/2004,90.34605836
8/1/2004,90.29175934
9/1/2004,90.23407663
10/1/2004,90.17484532
11/1/2004,90.10821854
12/1/2004,90.04498457
1/1/2005,89.98841789
2/1/2005,89.92796479
3/1/2005,89.88567058
4/1/2005,89.84681892
5/1/2005,89.80706535
6/1/2005,89.76212627
7/1/2005,89.69511251
8/1/2005,89.57344597
9/1/2005,89.47523525
10/1/2005,89.28527907
11/1/2005,89.17779488
12/1/2005,89.09400023
1/1/2006,88.99723731
2/1/2006,88.88638398
3/1/2006,88.8150624
4/1/2006,88.42998222
5/1/2006,88.30100966
6/1/2006,88.20033315
7/1/2006,87.79734843
8/1/2006,87.18135584
9/1/2006,86.31603866
10/1/2006,85.6848055
11/1/2006,84.96644689
12/1/2006,84.45962951
1/1/2007,84.2565081
2/1/2007,84.14793572
3/1/2007,84.05718924
4/1/2007,83.98866914
5/1/2007,83.93731809
6/1/2007,83.90246837
7/1/2007,83.86592345
8/1/2007,83.83674819
9/1/2007,83.80941699
10/1/2007,83.78691766
11/1/2007,83.75417622
12/1/2007,83.73842412
1/1/2008,83.71316215
2/1/2008,83.69105134
3/1/2008,83.67391659
4/1/2008,83.64971089
5/1/2008,83.6247233
6/1/2008,83.57575327
7/1/2008,83.52669447
8/1/2008,83.47895557
9/1/2008,83.42308797
10/1/2008,83.35628789
11/1/2008,83.27325705
12/1/2008,83.17629273
1/1/2009,83.06189882
2/1/2009,82.86097372
3/1/2009,82.71447482
4/1/2009,82.30968533
5/1/2009,81.59540695
6/1/2009,80.56265864
7/1/2009,79.93482305
8/1/2009,78.98924441
9/1/2009,77.98145892
10/1/2009,76.9514363
11/1/2009,75.67385657
12/1/2009,75.33136705
1/1/2010,75.09395276
2/1/2010,74.92661656
3/1/2010,74.81501834
4/1/2010,74.73815004
5/1/2010,74.67278911
6/1/2010,74.60201322
7/1/2010,74.5290123
8/1/2010,74.44468725
9/1/2010,74.36879425
10/1/2010,74.28221342
11/1/2010,74.20325033
12/1/2010,74.14751382
1/1/2011,74.09583147
2/1/2011,74.0427631
3/1/2011,73.98855625
4/1/2011,73.93803097
5/1/2011,73.89068023
6/1/2011,73.84784051
7/1/2011,73.80187313
8/1/2011,73.77094875
9/1/2011,73.73475886
10/1/2011,73.69835075
11/1/2011,73.65690744
12/1/2011,73.61509395
1/1/2012,73.567008
2/1/2012,73.51355058
3/1/2012,73.46467008
4/1/2012,73.40919027
5/1/2012,73.3536079
6/1/2012,73.3000059
7/1/2012,73.23688715
8/1/2012,73.16363593
9/1/2012,73.06748749
10/1/2012,72.9152508
11/1/2012,72.70506646
12/1/2012,72.406049
1/1/2013,72.20619511
2/1/2013,71.82957103
3/1/2013,71.44113608
4/1/2013,70.95875055
5/1/2013,70.50100138
6/1/2013,70.28014308
7/1/2013,70.03393864
8/1/2013,69.76735652
9/1/2013,69.59096704
10/1/2013,69.41041083
11/1/2013,68.97146388
12/1/2013,68.74419493
1/1/2014,68.59408387
2/1/2014,68.43833903
3/1/2014,68.24493951
4/1/2014,68.08104582
5/1/2014,67.71361119
6/1/2014,67.34346121
7/1/2014,67.05780774
8/1/2014,66.42990461
9/1/2014,65.94387799
10/1/2014,65.52689365
11/1/2014,65.17579783
12/1/2014,64.83144054
1/1/2015,64.49821305
2/1/2015,64.26687442
3/1/2015,63.96415154
4/1/2015,63.49944943
5/1/2015,62.91441537
6/1/2015,62.36636468
7/1/2015,61.87360255
8/1/2015,61.29850096
9/1/2015,60.69553544
10/1/2015,60.16637542
11/1/2015,59.65883649
12/1/2015,58.65447479
1/1/2016,57.70748394
2/1/2016,57.02275401
3/1/2016,56.46403373
4/1/2016,56.0353065
5/1/2016,55.45094031
6/1/2016,54.87464568
7/1/2016,54.50309932
8/1/2016,54.15448003
9/1/2016,53.82994898
10/1/2016,53.41391471
11/1/2016,52.93075387
12/1/2016,52.38784167
1/1/2017,52.07227195
2/1/2017,51.68652301
3/1/2017,51.29861085
4/1/2017,50.55799007
5/1/2017,49.9707309
6/1/2017,49.17604516
7/1/2017,48.75844125
8/1/2017,48.32731951
9/1/2017,47.68764109
10/1/2017,47.12889748
11/1/2017,46.64771503
12/1/2017,46.27357956
1/1/2018,45.63690452
2/1/2018,45.09235199
3/1/2018,44.53325706
4/1/2018,43.73734357
5/1/2018,43.21118982
6/1/2018,42.78933134
7/1/2018,42.07696774
8/1/2018,41.60780066
9/1/2018,41.12779598
10/1/2018,40.73428076
11/1/2018,40.13896833
12/1/2018,39.5359761
1/1/2019,39.02302348
2/1/2019,38.6182679
3/1/2019,38.15289519
4/1/2019,37.19683897
5/1/2019,36.67582977
6/1/2019,36.16644374
7/1/2019,35.5804783
8/1/2019,35.25747226
9/1/2019,34.8876912
10/1/2019,34.18605234
11/1/2019,33.9134452
12/1/2019,33.7059515
1/1/2020,32.01203299
2/1/2020,31.27246797
3/1/2020,30.97043559
4/1/2020,30.74761496
5/1/2020,30.52075398
6/1/2020,30.25413131
7/1/2020,29.9904574
8/1/2020,29.37175372
9/1/2020,28.7381787
10/1/2020,27.61412887
11/1/2020,26.85242575
12/1/2020,26.34860612
1/1/2021,25.94629434
2/1/2021,25.68398143
3/1/2021,25.48308938
4/1/2021,25.27980985
5/1/2021,25.08884738
6/1/2021,23.99090288
7/1/2021,21.09188402
8/1/2021,18.29793763
9/1/2021,16.74261933
10/1/2021,15.64528698
11/1/2021,14.39230054
12/1/2021,13.43158894
1/1/2022,12.7289896
2/1/2022,12.18473249
3/1/2022,11.74404044
4/1/2022,11.3711392
5/1/2022,11.04188867
6/1/2022,10.7099683
7/1/2022,10.41223805
8/1/2022,10.11594475
9/1/2022,9.849807152
10/1/2022,9.589779839
11/1/2022,9.32474123
12/1/2022,9.032106126
1/1/2023,8.726291921
2/1/2023,8.135148631
3/1/2023,7.495135354
4/1/2023,6.940067269
5/1/2023,6.345547295
6/1/2023,5.140983019
7/1/2023,3.205194656
8/1/2023,1.288217443
9/1/2023,0.024489142
10/1/2023,-0.967380587
11/1/2023,-1.850427721
12/1/2023,-2.428110394
1/1/2024,-2.733698209
2/1/2024,-2.944953702
3/1/2024,-3.103031873
4/1/2024,-3.238568774
5/1/2024,-3.352527952
6/1/2024,-3.4695236
7/1/2024,-3.579022503
8/1/2024,-3.665559457
9/1/2024,-3.766744287
10/1/2024,-3.857050436
11/1/2024,-3.949600345
12/1/2024,-4.040192938
1/1/2025,-4.128465968
2/1/2025,-4.20841989
3/1/2025,-4.280501876
4/1/2025,-4.348839283
5/1/2025,-4.411439353
6/1/2025,-4.481041777
7/1/2025,-4.537913982
8/1/2025,-4.604664691
9/1/2025,-4.67029479
10/1/2025,-4.742246106
11/1/2025,-4.803812226
12/1/2025,-4.859323874
1/1/2026,-4.915700392
2/1/2026,-4.971134244
3/1/2026,-5.020462493
4/1/2026,-5.068851787
5/1/2026,-5.113258006
6/1/2026,-5.163845535
7/1/2026,-5.217151892
8/1/2026,-5.274696931
9/1/2026,-5.336651347
10/1/2026,-5.390278773
11/1/2026,-5.44352639
12/1/2026,-5.499052266
1/1/2027,-5.544772415
2/1/2027,-5.59420319
3/1/2027,-5.64159534
4/1/2027,-5.692795865
5/1/2027,-5.736284534
6/1/2027,-5.783497763
7/1/2027,-5.837634873
8/1/2027,-5.875854481
9/1/2027,-5.921580518
10/1/2027,-5.965419124
11/1/2027,-6.010522277
12/1/2027,-6.051282699
1/1/2028,-6.089188215
2/1/2028,-6.130821757
3/1/2028,-6.16951112
4/1/2028,-6.204054641
5/1/2028,-6.243513409
6/1/2028,-6.284021859
7/1/2028,-6.322982818
8/1/2028,-6.368810385
9/1/2028,-6.415321306
10/1/2028,-6.453638253
11/1/2028,-6.48641616
12/1/2028,-6.531415097
1/1/2029,-6.56356406
2/1/2029,-6.596447393
3/1/2029,-6.631398354
4/1/2029,-6.669897862
5/1/2029,-6.706976996
6/1/2029,-6.736149686
7/1/2029,-6.772842015
8/1/2029,-6.810581617
9/1/2029,-6.848149819
10/1/2029,-6.884349639
11/1/2029,-6.921593311
12/1/2029,-6.95748667
1/1/2030,-6.987085991
2/1/2030,-7.023860371
3/1/2030,-7.056954971
4/1/2030,-7.093450593
5/1/2030,-7.126816479
6/1/2030,-7.163037268
7/1/2030,-7.197963418
8/1/2030,-7.233922119
9/1/2030,-7.269752206
10/1/2030,-7.304308711
11/1/2030,-7.339894177
12/1/2030,-7.37421906
1/1/2031,-7.409570254
2/1/2031,-7.451544323
3/1/2031,-7.481355111
4/1/2031,-7.516274309
5/1/2031,-7.549964906
6/1/2031,-7.584671278
7/1/2031,-7.618159353
8/1/2031,-7.65076312
9/1/2031,-7.693358033
10/1/2031,-7.733558714
11/1/2031,-7.767904628
12/1/2031,-7.801049725
1/1/2032,-7.835201849
2/1/2032,-7.869257694
3/1/2032,-7.901033228
4/1/2032,-7.934906213
5/1/2032,-7.967599471
6/1/2032,-8.001290632
7/1/2032,-8.033810009
8/1/2032,-8.067323768
9/1/2032,-8.099219849
10/1/2032,-8.131515675
11/1/2032,-8.164800924
12/1/2032,-8.196931976
1/1/2033,-8.230049194
2/1/2033,-8.263082332
3/1/2033,-8.292850763
4/1/2033,-8.32436541
5/1/2033,-8.3487902
6/1/2033,-8.381509734
7/1/2033,-8.404265091
8/1/2033,-8.436840761
9/1/2033,-8.469337852
10/1/2033,-8.499488787
11/1/2033,-8.531858202
12/1/2033,-8.563110771
1/1/2034,-8.595327835
2/1/2034,-8.627468138
3/1/2034,-8.656435896
4/1/2034,-8.689916135
5/1/2034,-8.720831494
6/1/2034,-8.752702706
7/1/2034,-8.78347628
8/1/2034,-8.815201637
9/1/2034,-8.846853277
10/1/2034,-8.877415177
11/1/2034,-8.908922847
12/1/2034,-8.939346109
1/1/2035,-8.969753579
2/1/2035,-9.001066125
3/1/2035,-9.029289582
4/1/2035,-9.060465158
5/1/2035,-9.09056808
6/1/2035,-9.121603363
7/1/2035,-9.151571311
8/1/2035,-9.182467932
9/1/2035,-9.205320307
10/1/2035,-9.235065908
11/1/2035,-9.265734337
12/1/2035,-9.295349286
1/1/2036,-9.325883092
2/1/2036,-9.356348854
3/1/2036,-9.394579794
4/1/2036,-9.424951226
5/1/2036,-9.454279604
6/1/2036,-9.484518095
7/1/2036,-9.513718033
8/1/2036,-9.543824011
9/1/2036,-9.57315834
10/1/2036,-9.602179504
11/1/2036,-9.632101082
12/1/2036,-9.660994955
1/1/2037,-9.690785307
2/1/2037,-9.720509179
3/1/2037,-9.747302513
4/1/2037,-9.776266129
5/1/2037,-9.804860885
6/1/2037,-9.833730531
7/1/2037,-9.862212437
8/1/2037,-9.891578373
9/1/2037,-9.920879229
10/1/2037,-9.94917404
11/1/2037,-9.97834704
12/1/2037,-10.00651804
1/1/2038,-10.03556284
2/1/2038,-10.0645422
3/1/2038,-10.09066362
4/1/2038,-10.11951834
5/1/2038,-10.14738136
6/1/2038,-10.1761082
7/1/2038,-10.20384769
8/1/2038,-10.23244724
9/1/2038,-10.26098231
10/1/2038,-10.28853656
11/1/2038,-10.31694491
12/1/2038,-10.34437655
1/1/2039,-10.37265833
2/1/2039,-10.40087601
3/1/2039,-10.42631073
4/1/2039,-10.45440646
5/1/2039,-10.48153556
6/1/2039,-10.50950442
7/1/2039,-10.53651075
8/1/2039,-10.57291241
9/1/2039,-10.60069725
10/1/2039,-10.62752625
11/1/2039,-10.65518612
12/1/2039,-10.68189438
1/1/2040,-10.70942976
2/1/2040,-10.73690196
3/1/2040,-10.76254666
4/1/2040,-10.78989709
5/1/2040,-10.81630656
6/1/2040,-10.84353366
7/1/2040,-10.8698237
8/1/2040,-10.8969277
9/1/2040,-10.92359969
10/1/2040,-10.94971773
11/1/2040,-10.97664384
12/1/2040,-11.00264276
1/1/2041,-11.02944591
2/1/2041,-11.05618674
3/1/2041,-11.08028912
4/1/2041,-11.10691202
5/1/2041,-11.13261836
6/1/2041,-11.1591201
7/1/2041,-11.18470952
8/1/2041,-11.21109073
9/1/2041,-11.23741087
10/1/2041,-11.26282486
11/1/2041,-11.28902498
12/1/2041,-11.31432254
1/1/2042,-11.34040202
2/1/2042,-11.36642034
3/1/2042,-11.38987103
4/1/2042,-11.41577348
5/1/2042,-11.44078373
6/1/2042,-11.46656744
7/1/2042,-11.49146322
8/1/2042,-11.51712884
9/1/2042,-11.54273451
10/1/2042,-11.56745819
11/1/2042,-11.59294664
12/1/2042,-11.61755771
1/1/2043,-11.64293022
2/1/2043,-11.66824349
3/1/2043,-11.69078606
4/1/2043,-11.71599139
5/1/2043,-11.74006339
6/1/2043,-11.76515661
7/1/2043,-11.78912527
8/1/2043,-11.81410632
9/1/2043,-11.83902789
10/1/2043,-11.86283904
11/1/2043,-11.88740266
12/1/2043,-11.91136138
1/1/2044,-11.93605995
2/1/2044,-11.96069993
3/1/2044,-11.98369912
4/1/2044,-12.00822602
5/1/2044,-12.03190705
6/1/2044,-12.05631914
7/1/2044,-12.07988922
8/1/2044,-12.09274827
9/1/2044,-12.11698321
10/1/2044,-12.1403821
11/1/2044,-12.16450328
12/1/2044,-12.18779246
1/1/2045,-12.2118004
2/1/2045,-12.23575062
3/1/2045,-12.2573359
4/1/2045,-12.28117612
5/1/2045,-12.30397735
6/1/2045,-12.32770792
7/1/2045,-12.35061909
8/1/2045,-12.37423663
9/1/2045,-12.3977971
10/1/2045,-12.4205443
11/1/2045,-12.44399292
12/1/2045,-12.46642671
1/1/2046,-12.48976751
2/1/2046,-12.51305163
3/1/2046,-12.53403627
4/1/2046,-12.55721266
5/1/2046,-12.57958847
6/1/2046,-12.60265369
7/1/2046,-12.62492219
8/1/2046,-12.64787649
9/1/2046,-12.6707741
10/1/2046,-12.70177165
11/1/2046,-12.72455798
12/1/2046,-12.74655706
1/1/2047,-12.76923384
2/1/2047,-12.79185506
3/1/2047,-12.81224195
4/1/2047,-12.83475774
5/1/2047,-12.8564954
6/1/2047,-12.87890239
7/1/2047,-12.90053496
8/1/2047,-12.92283368
9/1/2047,-12.94507761
10/1/2047,-12.96655282
11/1/2047,-12.98868929
12/1/2047,-13.01006072
1/1/2048,-13.03209024
2/1/2048,-13.05406564
3/1/2048,-13.07457599
4/1/2048,-13.0964469
5/1/2048,-13.10595708
6/1/2048,-13.12772698
7/1/2048,-13.14874461
8/1/2048,-13.17040959
9/1/2048,-13.19202149
10/1/2048,-13.21288667
11/1/2048,-13.23439458
12/1/2048,-13.25515936
1/1/2049,-13.27656362
2/1/2049,-13.29791524
3/1/2049,-13.31715772
4/1/2049,-13.33840948
5/1/2049,-13.35892678
6/1/2049,-13.38007596
7/1/2049,-13.40049436
8/1/2049,-13.42154183
9/1/2049,-13.44253784
10/1/2049,-13.4628082
11/1/2049,-13.48352756
12/1/2049,-13.50370191
1/1/2050,-13.52432408
2/1/2050,-13.5450706
3/1/2050,-13.56376749
4/1/2050,-13.58441631
5/1/2050,-13.60435109
6/1/2050,-13.62489926
7/1/2050,-13.64473682
8/1/2050,-13.66518461
9/1/2050,-13.68558143
10/1/2050,-13.70527261
11/1/2050,-13.72540149
12/1/2050,-13.74499857
1/1/2051,-13.76519829
2/1/2051,-13.78534761
3/1/2051,-13.80350598
4/1/2051,-13.82355978
5/1/2051,-13.84291986
6/1/2051,-13.86287541
7/1/2051,-13.88214061
8/1/2051,-13.90199835
9/1/2051,-13.92180648
10/1/2051,-13.94092928
11/1/2051,-13.96064008
12/1/2051,-13.97966888
1/1/2052,-13.99928276
2/1/2052,-14.01884757
3/1/2052,-14.03710729
4/1/2052,-14.05657744
5/1/2052,-14.07537379
6/1/2052,-14.09474795
7/1/2052,-14.1134517
8/1/2052,-14.13273054
9/1/2052,-14.15196115
10/1/2052,-14.17052633
11/1/2052,-14.18966234
12/1/2052,-14.20813623
1/1/2053,-14.22717822
2/1/2053,-14.24617264
3/1/2053,-14.26329021
4/1/2053,-14.28219452
5/1/2053,-14.30044488
6/1/2053,-14.31925659
7/1/2053,-14.32578926
8/1/2053,-14.34451191
9/1/2053,-14.3631878
10/1/2053,-14.38121746
11/1/2053,-14.39980136
12/1/2053,-14.417742
1/1/2054,-14.436234
2/1/2054,-14.45467941
3/1/2054,-14.47130182
4/1/2054,-14.48965871
5/1/2054,-14.50737984
6/1/2054,-14.52564538
7/1/2054,-14.54327852
8/1/2054,-14.57013631
9/1/2054,-14.58826038
10/1/2054,-14.60575686
11/1/2054,-14.62379092
12/1/2054,-14.64120064
1/1/2055,-14.65914535
2/1/2055,-14.67704483
3/1/2055,-14.69317522
4/1/2055,-14.71098873
5/1/2055,-14.72818542
6/1/2055,-14.7459103
7/1/2055,-14.76302142
8/1/2055,-14.78065819
9/1/2055,-14.79825037
10/1/2055,-14.81523334
11/1/2055,-14.83273793
12/1/2055,-14.84963629
1/1/2056,-14.86705365
2/1/2056,-14.88442687
3/1/2056,-14.9006407
4/1/2056,-14.91792879
5/1/2056,-14.93461806
6/1/2056,-14.95181983
7/1/2056,-14.96842575
8/1/2056,-14.98554157
9/1/2056,-15.00261386
10/1/2056,-15.01909479
11/1/2056,-15.03608179
12/1/2056,-15.05248038
1/1/2057,-15.06938252
2/1/2057,-15.08624169
3/1/2057,-15.10143436
4/1/2057,-15.11821199
5/1/2057,-15.1344084
6/1/2057,-15.15110207
7/1/2057,-15.1672174
8/1/2057,-15.18382749
9/1/2057,-15.20039525
10/1/2057,-15.216389
11/1/2057,-15.23287376
12/1/2057,-15.24878739
1/1/2058,-15.26518954
2/1/2058,-15.28154986
3/1/2058,-15.29629287
4/1/2058,-15.31257386
5/1/2058,-15.32829075
6/1/2058,-15.34449009
7/1/2058,-15.36012814
8/1/2058,-15.37624622
9/1/2058,-15.39232315
10/1/2058,-15.40784303
11/1/2058,-15.42383928
12/1/2058,-15.43928127
1/1/2059,-15.45519725
2/1/2059,-15.4710726
3/1/2059,-15.48537853
4/1/2059,-15.50117678
5/1/2059,-15.51642758
6/1/2059,-15.53214645
7/1/2059,-15.5473206
8/1/2059,-15.56296044
9/1/2059,-15.57856023
10/1/2059,-15.59361938
11/1/2059,-15.60914065
12/1/2059,-15.62412401
1/1/2060,-15.63956716
2/1/2060,-15.65497074
3/1/2060,-15.66934598
4/1/2060,-15.68467321
5/1/2060,-15.69946918
6/1/2060,-15.71456153
7/1/2060,-15.72928483
8/1/2060,-15.74445984
9/1/2060,-15.75959587
10/1/2060,-15.77420722
11/1/2060,-15.78926684
12/1/2060,-15.80380441
1/1/2061,-15.81878797
