datetime,Mean CH - layer 3 (Confined Aquifer)
2/1/1926,209.4197467
3/1/1926,209.2750728
4/1/1926,209.0422643
5/1/1926,208.3337073
6/1/1926,207.2867168
7/1/1926,206.8084538
8/1/1926,206.5088984
9/1/1926,206.5452609
10/1/1926,206.7020352
11/1/1926,206.9653972
12/1/1926,206.9393292
1/1/1927,206.8684411
2/1/1927,206.6440621
3/1/1927,205.8259286
4/1/1927,205.0552416
5/1/1927,204.67664
6/1/1927,204.5978434
7/1/1927,204.5001929
8/1/1927,204.5485768
9/1/1927,204.344061
10/1/1927,204.3227885
11/1/1927,204.0740375
12/1/1927,203.9536993
1/1/1928,203.8757173
2/1/1928,203.681098
3/1/1928,203.6541768
4/1/1928,203.5600431
5/1/1928,203.4116973
6/1/1928,203.2041477
7/1/1928,202.9968532
8/1/1928,202.4577942
9/1/1928,201.5693595
10/1/1928,200.974912
11/1/1928,200.3686597
12/1/1928,200.0643811
1/1/1929,199.500189
2/1/1929,198.1772011
3/1/1929,196.7761085
4/1/1929,195.0176773
5/1/1929,194.1225585
6/1/1929,193.3972475
7/1/1929,192.9514955
8/1/1929,192.6598278
9/1/1929,192.4029162
10/1/1929,192.3203807
11/1/1929,192.22766
12/1/1929,192.1560693
1/1/1930,192.0325273
2/1/1930,191.9713675
3/1/1930,191.9186467
4/1/1930,191.9296373
5/1/1930,191.880699
6/1/1930,191.8291915
7/1/1930,191.7696623
8/1/1930,191.7168519
9/1/1930,191.6618142
10/1/1930,191.6019414
11/1/1930,191.6040421
12/1/1930,191.6904588
1/1/1931,191.5908077
2/1/1931,191.5627493
3/1/1931,191.5400586
4/1/1931,191.5145094
5/1/1931,191.4856784
6/1/1931,191.3815904
7/1/1931,191.3019212
8/1/1931,191.3163376
9/1/1931,191.2718843
10/1/1931,191.2148183
11/1/1931,191.1876662
12/1/1931,191.2308256
1/1/1932,191.2110605
2/1/1932,191.1253233
3/1/1932,191.0977653
4/1/1932,191.078557
5/1/1932,191.0595598
6/1/1932,191.0400205
7/1/1932,191.0231098
8/1/1932,191.0051886
9/1/1932,190.9860319
10/1/1932,190.9655976
11/1/1932,191.0019735
12/1/1932,190.9800472
1/1/1933,190.9552156
2/1/1933,190.9647712
3/1/1933,190.9307638
4/1/1933,190.7831763
5/1/1933,190.7633436
6/1/1933,190.7427415
7/1/1933,190.7879509
8/1/1933,190.7699772
9/1/1933,190.7537665
10/1/1933,190.739662
11/1/1933,190.6679877
12/1/1933,190.6461973
1/1/1934,190.6342868
2/1/1934,190.6766667
3/1/1934,190.6086069
4/1/1934,190.6569824
5/1/1934,190.699532
6/1/1934,190.7439515
7/1/1934,190.7341265
8/1/1934,190.7248223
9/1/1934,190.7161963
10/1/1934,190.708158
11/1/1934,190.6997642
12/1/1934,190.6907125
1/1/1935,190.6819783
2/1/1935,190.6751683
3/1/1935,190.6695443
4/1/1935,190.6638777
5/1/1935,190.6587682
6/1/1935,190.6538314
7/1/1935,190.6492916
8/1/1935,190.6448497
9/1/1935,190.6401659
10/1/1935,190.6776574
11/1/1935,190.7126966
12/1/1935,190.6393808
1/1/1936,190.702524
2/1/1936,190.6046141
3/1/1936,190.7041153
4/1/1936,190.6099353
5/1/1936,190.5008894
6/1/1936,190.4431258
7/1/1936,190.2651992
8/1/1936,190.0498464
9/1/1936,189.8904111
10/1/1936,189.9114435
11/1/1936,189.8898625
12/1/1936,189.8318359
1/1/1937,189.7908947
2/1/1937,189.7301053
3/1/1937,189.641557
4/1/1937,189.5846936
5/1/1937,189.5420085
6/1/1937,189.5124804
7/1/1937,189.5486646
8/1/1937,189.5131094
9/1/1937,189.4700091
10/1/1937,189.4461442
11/1/1937,189.4326804
12/1/1937,189.421197
1/1/1938,189.4063084
2/1/1938,189.3928026
3/1/1938,189.3812561
4/1/1938,189.3703581
5/1/1938,189.3615708
6/1/1938,189.3540894
7/1/1938,189.3479823
8/1/1938,189.3426745
9/1/1938,189.3379622
10/1/1938,189.2053588
11/1/1938,189.1668352
12/1/1938,188.9171313
1/1/1939,188.9246299
2/1/1939,189.0309444
3/1/1939,189.0464539
4/1/1939,189.0069378
5/1/1939,188.9971582
6/1/1939,189.0678272
7/1/1939,189.1440294
8/1/1939,189.2320391
9/1/1939,189.1659978
10/1/1939,189.115108
11/1/1939,189.1183714
12/1/1939,189.098089
1/1/1940,189.0495004
2/1/1940,189.0274026
3/1/1940,188.9672973
4/1/1940,188.9276492
5/1/1940,188.9011542
6/1/1940,188.9316504
7/1/1940,188.9123399
8/1/1940,188.8923812
9/1/1940,188.8762134
10/1/1940,188.8613419
11/1/1940,188.8367067
12/1/1940,188.7637289
1/1/1941,188.6649877
2/1/1941,188.5716899
3/1/1941,188.3093831
4/1/1941,187.8926064
5/1/1941,187.0086783
6/1/1941,185.6809714
7/1/1941,184.4642869
8/1/1941,183.6056459
9/1/1941,182.9671947
10/1/1941,182.2839007
11/1/1941,181.5848008
12/1/1941,180.7342835
1/1/1942,180.1157051
2/1/1942,179.8851989
3/1/1942,179.6960664
4/1/1942,179.3827814
5/1/1942,179.2731107
6/1/1942,178.907378
7/1/1942,178.5088266
8/1/1942,177.6721551
9/1/1942,176.7332329
10/1/1942,175.9397335
11/1/1942,174.8913847
12/1/1942,173.475953
1/1/1943,172.2614281
2/1/1943,171.4895126
3/1/1943,170.805173
4/1/1943,170.3333458
5/1/1943,170.061905
6/1/1943,169.6565421
7/1/1943,169.3575586
8/1/1943,168.7295815
9/1/1943,168.0883428
10/1/1943,167.0425053
11/1/1943,165.7913346
12/1/1943,165.0822925
1/1/1944,164.0557183
2/1/1944,162.5672601
3/1/1944,161.0754596
4/1/1944,160.2395399
5/1/1944,159.5266809
6/1/1944,158.7051832
7/1/1944,157.706559
8/1/1944,157.2699802
9/1/1944,157.0492396
10/1/1944,156.785966
11/1/1944,156.4105209
12/1/1944,155.6926928
1/1/1945,154.806263
2/1/1945,153.965515
3/1/1945,153.6365395
4/1/1945,153.3086199
5/1/1945,152.9431994
6/1/1945,151.7389186
7/1/1945,149.722032
8/1/1945,148.4234066
9/1/1945,147.8258794
10/1/1945,147.2830173
11/1/1945,146.9838133
12/1/1945,146.6830782
1/1/1946,146.3648091
2/1/1946,146.0883163
3/1/1946,145.8110118
4/1/1946,145.5891643
5/1/1946,145.3519479
6/1/1946,145.2015313
7/1/1946,145.0306023
8/1/1946,144.8142476
9/1/1946,144.643879
10/1/1946,144.5328903
11/1/1946,144.289897
12/1/1946,144.116979
1/1/1947,144.0370259
2/1/1947,143.8396356
3/1/1947,143.6346985
4/1/1947,143.6253405
5/1/1947,143.4402398
6/1/1947,143.3003761
7/1/1947,143.1029668
8/1/1947,142.7745588
9/1/1947,142.609092
10/1/1947,142.0988849
11/1/1947,141.7015054
12/1/1947,141.2858
1/1/1948,141.0532738
2/1/1948,140.8531542
3/1/1948,140.6359933
4/1/1948,140.456563
5/1/1948,140.2310704
6/1/1948,140.0319856
7/1/1948,139.9287609
8/1/1948,139.810983
9/1/1948,139.6430495
10/1/1948,139.5175105
11/1/1948,139.4376526
12/1/1948,139.3398903
1/1/1949,139.3389423
2/1/1949,139.1775108
3/1/1949,139.095185
4/1/1949,139.0102822
5/1/1949,138.9328261
6/1/1949,138.8569
7/1/1949,138.7867445
8/1/1949,138.7168535
9/1/1949,138.649546
10/1/1949,138.6510959
11/1/1949,138.5872272
12/1/1949,138.5268197
1/1/1950,138.3912131
2/1/1950,138.3169234
3/1/1950,138.2083334
4/1/1950,138.1485328
5/1/1950,138.1338162
6/1/1950,138.079299
7/1/1950,138.0517028
8/1/1950,138.0154802
9/1/1950,137.8763634
10/1/1950,137.693114
11/1/1950,137.5284532
12/1/1950,137.327426
1/1/1951,137.2071036
2/1/1951,137.107985
3/1/1951,137.0525612
4/1/1951,137.0925784
5/1/1951,137.0369497
6/1/1951,136.9738279
7/1/1951,136.8618139
8/1/1951,136.6202057
9/1/1951,135.8864456
10/1/1951,134.7985237
11/1/1951,133.7927004
12/1/1951,132.7490843
1/1/1952,131.8798225
2/1/1952,131.4090703
3/1/1952,131.2680248
4/1/1952,131.0921564
5/1/1952,130.8244432
6/1/1952,130.6708395
7/1/1952,130.5401544
8/1/1952,130.2989488
9/1/1952,129.2302819
10/1/1952,125.7834606
11/1/1952,121.7964365
12/1/1952,118.1710841
1/1/1953,115.2092721
2/1/1953,113.1924149
3/1/1953,111.3049276
4/1/1953,109.5338749
5/1/1953,108.0565766
6/1/1953,106.7024872
7/1/1953,105.5894264
8/1/1953,104.5846893
9/1/1953,103.7912436
10/1/1953,103.15045
11/1/1953,102.4444022
12/1/1953,101.7024758
1/1/1954,101.0259287
2/1/1954,100.4902662
3/1/1954,100.0227525
4/1/1954,99.57546542
5/1/1954,99.27924823
6/1/1954,98.91597345
7/1/1954,98.52906294
8/1/1954,98.16775951
9/1/1954,97.70681086
10/1/1954,97.35836754
11/1/1954,97.01274793
12/1/1954,96.72788539
1/1/1955,96.39458841
2/1/1955,96.06789789
3/1/1955,95.72261257
4/1/1955,95.55337653
5/1/1955,95.30217774
6/1/1955,94.98855574
7/1/1955,94.6273288
8/1/1955,94.36482211
9/1/1955,93.99810901
10/1/1955,93.6894635
11/1/1955,93.36135372
12/1/1955,93.04048317
1/1/1956,92.91537392
2/1/1956,92.68583584
3/1/1956,92.57668239
4/1/1956,92.59437614
5/1/1956,92.43026335
6/1/1956,92.27227697
7/1/1956,92.12900507
8/1/1956,91.99054584
9/1/1956,91.86026577
10/1/1956,91.74017309
11/1/1956,91.62133548
12/1/1956,91.56797699
1/1/1957,91.45341065
2/1/1957,91.33934841
3/1/1957,91.23815372
4/1/1957,91.12993483
5/1/1957,91.02853896
6/1/1957,90.92696154
7/1/1957,90.85735906
8/1/1957,90.75572374
9/1/1957,90.68995527
10/1/1957,90.59622198
11/1/1957,90.50276006
12/1/1957,90.41491685
1/1/1958,90.32721218
2/1/1958,90.21390624
3/1/1958,90.13955404
4/1/1958,90.08768566
5/1/1958,90.01353399
6/1/1958,89.90124337
7/1/1958,89.83131734
8/1/1958,89.85184687
9/1/1958,89.78239072
10/1/1958,89.71712146
11/1/1958,89.65176972
12/1/1958,89.59054104
1/1/1959,89.52941883
2/1/1959,89.50597454
3/1/1959,89.34012943
4/1/1959,89.28404413
5/1/1959,89.23100265
6/1/1959,89.17390706
7/1/1959,89.01741748
8/1/1959,88.90290558
9/1/1959,88.81553272
10/1/1959,88.75975622
11/1/1959,88.67428176
12/1/1959,88.59120096
1/1/1960,88.50550809
2/1/1960,88.30748312
3/1/1960,88.21659057
4/1/1960,88.11480969
5/1/1960,88.01130543
6/1/1960,87.92945637
7/1/1960,87.98004274
8/1/1960,87.85858668
9/1/1960,87.72625527
10/1/1960,87.59301454
11/1/1960,87.43029554
12/1/1960,87.27902739
1/1/1961,87.14539669
2/1/1961,86.84606352
3/1/1961,86.70269124
4/1/1961,86.54233087
5/1/1961,86.39050059
6/1/1961,86.21942219
7/1/1961,86.10343729
8/1/1961,85.91832954
9/1/1961,85.73272559
10/1/1961,85.47148987
11/1/1961,85.30251286
12/1/1961,85.13701653
1/1/1962,84.94877932
2/1/1962,84.66577754
3/1/1962,84.53194824
4/1/1962,84.35970146
5/1/1962,84.21978115
6/1/1962,84.00926866
7/1/1962,83.85947729
8/1/1962,83.67685021
9/1/1962,83.38726177
10/1/1962,83.0886436
11/1/1962,82.8593246
12/1/1962,82.63561589
1/1/1963,82.40817181
2/1/1963,82.12364952
3/1/1963,81.79378778
4/1/1963,81.54977439
5/1/1963,81.29373645
6/1/1963,81.05726863
7/1/1963,80.79578624
8/1/1963,80.52307328
9/1/1963,80.27277534
10/1/1963,79.95539779
11/1/1963,79.58205617
12/1/1963,79.30409631
1/1/1964,79.04923788
2/1/1964,78.68144136
3/1/1964,78.46866327
4/1/1964,78.21276315
5/1/1964,77.96911869
6/1/1964,77.69080923
7/1/1964,77.30570442
8/1/1964,77.06121207
9/1/1964,76.85469735
10/1/1964,76.65904545
11/1/1964,76.43312241
12/1/1964,76.23568147
1/1/1965,76.07558011
2/1/1965,75.95546421
3/1/1965,75.8006385
4/1/1965,75.67099492
5/1/1965,75.48777225
6/1/1965,75.33951633
7/1/1965,75.18738928
8/1/1965,75.08413097
9/1/1965,74.95585669
10/1/1965,74.76909866
11/1/1965,74.64990479
12/1/1965,74.54643592
1/1/1966,74.43262227
2/1/1966,74.32186216
3/1/1966,74.22491676
4/1/1966,74.11861631
5/1/1966,73.98605941
6/1/1966,73.85112715
7/1/1966,73.74419167
8/1/1966,73.63240224
9/1/1966,73.52132798
10/1/1966,73.41099212
11/1/1966,73.32298353
12/1/1966,73.24527758
1/1/1967,73.11695075
2/1/1967,73.0484332
3/1/1967,72.98769525
4/1/1967,72.8939464
5/1/1967,72.88343713
6/1/1967,72.81509237
7/1/1967,72.72404257
8/1/1967,72.63173025
9/1/1967,72.51927164
10/1/1967,72.4344646
11/1/1967,72.42210325
12/1/1967,72.32551562
1/1/1968,72.22540047
2/1/1968,72.12204122
3/1/1968,72.05364663
4/1/1968,71.93421789
5/1/1968,71.74814645
6/1/1968,71.57405115
7/1/1968,71.47550099
8/1/1968,71.37611876
9/1/1968,71.36381789
10/1/1968,71.28740196
11/1/1968,71.21231942
12/1/1968,71.18788002
1/1/1969,71.12009984
2/1/1969,71.02436637
3/1/1969,70.96893681
4/1/1969,70.90968424
5/1/1969,70.85004529
6/1/1969,70.79476705
7/1/1969,70.74345593
8/1/1969,70.69255459
9/1/1969,70.64451132
10/1/1969,70.70246486
11/1/1969,70.65682848
12/1/1969,70.58904166
1/1/1970,70.54644817
2/1/1970,70.50490767
3/1/1970,70.46833036
4/1/1970,70.48564704
5/1/1970,70.30969783
6/1/1970,70.27049855
7/1/1970,70.23221074
8/1/1970,70.19131967
9/1/1970,70.17259882
10/1/1970,70.12670366
11/1/1970,70.07410029
12/1/1970,70.05271496
1/1/1971,69.99409274
2/1/1971,69.87481583
3/1/1971,69.84574443
4/1/1971,69.74477705
5/1/1971,69.68013532
6/1/1971,69.70519494
7/1/1971,69.6100554
8/1/1971,69.58174256
9/1/1971,69.514167
10/1/1971,69.41287466
11/1/1971,69.30816012
12/1/1971,69.21295431
1/1/1972,69.11535303
2/1/1972,69.02052767
3/1/1972,68.96400953
4/1/1972,68.90516242
5/1/1972,68.81904764
6/1/1972,68.73302694
7/1/1972,68.77477243
8/1/1972,68.68801524
9/1/1972,68.63376942
10/1/1972,68.60926654
11/1/1972,68.55972183
12/1/1972,68.51342297
1/1/1973,68.46884531
2/1/1973,68.42744796
3/1/1973,68.3668078
4/1/1973,68.36074918
5/1/1973,68.32731733
6/1/1973,68.29371544
7/1/1973,68.23378414
8/1/1973,68.17418026
9/1/1973,68.13942544
10/1/1973,68.13202035
11/1/1973,68.11762297
12/1/1973,68.07550135
1/1/1974,68.02844383
2/1/1974,67.94847571
3/1/1974,67.9212992
4/1/1974,67.86399651
5/1/1974,67.83717845
6/1/1974,67.77375358
7/1/1974,67.67910823
8/1/1974,67.57230194
9/1/1974,67.49102971
10/1/1974,67.4094909
11/1/1974,67.34218306
12/1/1974,67.30750873
1/1/1975,67.21289167
2/1/1975,67.05310814
3/1/1975,66.95961204
4/1/1975,66.84800773
5/1/1975,66.75905411
6/1/1975,66.62579848
7/1/1975,66.36864468
8/1/1975,66.25064662
9/1/1975,66.04840702
10/1/1975,65.946466
11/1/1975,65.81196698
12/1/1975,65.75062615
1/1/1976,65.59380715
2/1/1976,65.54615304
3/1/1976,65.43933576
4/1/1976,65.29146701
5/1/1976,65.15344762
6/1/1976,65.07027147
7/1/1976,64.964114
8/1/1976,64.7694475
9/1/1976,64.70367789
10/1/1976,64.5973273
11/1/1976,64.58460361
12/1/1976,64.48161552
1/1/1977,64.40593689
2/1/1977,64.33013129
3/1/1977,64.26052091
4/1/1977,64.18006938
5/1/1977,64.06524523
6/1/1977,63.97632728
7/1/1977,63.85721192
8/1/1977,63.76135974
9/1/1977,63.65925946
10/1/1977,63.55409779
11/1/1977,63.46766211
12/1/1977,63.35129231
1/1/1978,63.19208787
2/1/1978,63.09904792
3/1/1978,62.94467074
4/1/1978,62.81035603
5/1/1978,62.78353876
6/1/1978,62.56236444
7/1/1978,62.46058577
8/1/1978,62.41311126
9/1/1978,62.33947333
10/1/1978,62.27848066
11/1/1978,62.22810823
12/1/1978,62.18684385
1/1/1979,62.10382994
2/1/1979,62.02727847
3/1/1979,61.99380756
4/1/1979,61.92620527
5/1/1979,61.88938392
6/1/1979,61.85193617
7/1/1979,61.84811412
8/1/1979,61.8090993
9/1/1979,61.7434096
10/1/1979,61.71178828
11/1/1979,61.68066013
12/1/1979,61.65254112
1/1/1980,61.62700701
2/1/1980,61.60270828
3/1/1980,61.56675478
4/1/1980,61.54447053
5/1/1980,61.52371119
6/1/1980,61.52380158
7/1/1980,61.50385372
8/1/1980,61.48356292
9/1/1980,61.46276606
10/1/1980,61.44274633
11/1/1980,61.42064487
12/1/1980,61.39847407
1/1/1981,61.37379716
2/1/1981,61.31090289
3/1/1981,61.28273453
4/1/1981,61.2138441
5/1/1981,61.14568587
6/1/1981,61.11019092
7/1/1981,61.07599745
8/1/1981,61.09289268
9/1/1981,60.98959886
10/1/1981,60.96243224
11/1/1981,60.93753718
12/1/1981,60.91523767
1/1/1982,60.89356175
2/1/1982,60.87166369
3/1/1982,60.85113231
4/1/1982,60.85239547
5/1/1982,60.83035195
6/1/1982,60.8104591
7/1/1982,60.79329398
8/1/1982,60.77695373
9/1/1982,60.76230167
10/1/1982,60.75005419
11/1/1982,60.73964386
12/1/1982,60.73104931
1/1/1983,60.72288314
2/1/1983,60.71514561
3/1/1983,60.70841778
4/1/1983,60.70132003
5/1/1983,60.69463532
6/1/1983,60.68788449
7/1/1983,60.68152136
8/1/1983,60.67505189
9/1/1983,60.66871057
10/1/1983,60.66269981
11/1/1983,60.65661974
12/1/1983,60.65085921
1/1/1984,60.64505977
2/1/1984,60.63939845
3/1/1984,60.63422633
4/1/1984,60.62883525
5/1/1984,60.62374004
6/1/1984,60.61846662
7/1/1984,60.61347709
8/1/1984,60.60840133
9/1/1984,60.6034144
10/1/1984,60.59869244
11/1/1984,60.59385863
12/1/1984,60.58924408
1/1/1985,60.5842039
2/1/1985,60.57883776
3/1/1985,60.57350598
4/1/1985,60.5666025
5/1/1985,60.55953867
6/1/1985,60.55194948
7/1/1985,60.54442996
8/1/1985,60.53618772
9/1/1985,60.52855017
10/1/1985,60.52160513
11/1/1985,60.51469377
12/1/1985,60.50812191
1/1/1986,60.5016812
2/1/1986,60.49553213
3/1/1986,60.49008802
4/1/1986,60.48446183
5/1/1986,60.47913605
6/1/1986,60.47356622
7/1/1986,60.46800652
8/1/1986,60.46187009
9/1/1986,60.45526269
10/1/1986,60.44837373
11/1/1986,60.44068978
12/1/1986,60.43266394
1/1/1987,60.45480845
2/1/1987,60.44458337
3/1/1987,60.49862362
4/1/1987,60.48603188
5/1/1987,60.47159888
6/1/1987,60.45392565
7/1/1987,60.4058026
8/1/1987,60.38402387
9/1/1987,60.3958883
10/1/1987,60.34870752
11/1/1987,60.32920734
12/1/1987,60.3109857
1/1/1988,60.32527363
2/1/1988,60.30393712
3/1/1988,60.24388312
4/1/1988,60.17711662
5/1/1988,60.13973227
6/1/1988,60.10184309
7/1/1988,60.06849739
8/1/1988,60.03540154
9/1/1988,59.97439691
10/1/1988,59.95003431
11/1/1988,59.92952219
12/1/1988,59.91276898
1/1/1989,59.89624201
2/1/1989,59.87923176
3/1/1989,59.86221265
4/1/1989,59.78160165
5/1/1989,59.75811342
6/1/1989,59.73241814
7/1/1989,59.70579187
8/1/1989,59.71041533
9/1/1989,59.68467185
10/1/1989,59.66085255
11/1/1989,59.63801033
12/1/1989,59.61710968
1/1/1990,59.56927583
2/1/1990,59.586156
3/1/1990,59.56235812
4/1/1990,59.53328493
5/1/1990,59.50391573
6/1/1990,59.47208753
7/1/1990,59.40846064
8/1/1990,59.36377108
9/1/1990,59.31459837
10/1/1990,59.29325585
11/1/1990,59.23393583
12/1/1990,59.17417848
1/1/1991,59.11595578
2/1/1991,59.0591295
3/1/1991,58.97888671
4/1/1991,58.98239904
5/1/1991,58.88945236
6/1/1991,58.78158302
7/1/1991,58.70918979
8/1/1991,58.63923573
9/1/1991,58.55962144
10/1/1991,58.48027385
11/1/1991,58.36904913
12/1/1991,58.29088708
1/1/1992,58.22737912
2/1/1992,58.07019062
3/1/1992,57.97293804
4/1/1992,57.86405968
5/1/1992,57.75244735
6/1/1992,57.66243335
7/1/1992,57.51670995
8/1/1992,57.3580568
9/1/1992,57.25194962
10/1/1992,57.12090393
11/1/1992,56.97847624
12/1/1992,56.8351318
1/1/1993,56.69607055
2/1/1993,56.48498509
3/1/1993,56.31769925
4/1/1993,56.13134707
5/1/1993,55.9266768
6/1/1993,55.7369355
7/1/1993,55.5728912
8/1/1993,55.38349723
9/1/1993,55.21890018
10/1/1993,55.06521466
11/1/1993,54.91533804
12/1/1993,54.77770067
1/1/1994,54.69568399
2/1/1994,54.55173618
3/1/1994,54.45267974
4/1/1994,54.31723987
5/1/1994,54.13757866
6/1/1994,54.01961828
7/1/1994,53.90732834
8/1/1994,53.7439592
9/1/1994,53.61903439
10/1/1994,53.55421983
11/1/1994,53.37798974
12/1/1994,53.22114299
1/1/1995,53.11876474
2/1/1995,53.04493661
3/1/1995,52.9402617
4/1/1995,52.8163551
5/1/1995,52.69146907
6/1/1995,52.55852923
7/1/1995,52.42912117
8/1/1995,52.30513092
9/1/1995,52.19553503
10/1/1995,52.09639447
11/1/1995,52.05694687
12/1/1995,51.98618954
1/1/1996,51.90605869
2/1/1996,51.82713568
3/1/1996,51.75466511
4/1/1996,51.68024864
5/1/1996,51.54583308
6/1/1996,51.56584243
7/1/1996,51.50144379
8/1/1996,51.43923721
9/1/1996,51.38074863
10/1/1996,51.32709939
11/1/1996,51.27618208
12/1/1996,51.27276272
1/1/1997,51.23265528
2/1/1997,51.23115099
3/1/1997,51.20934093
4/1/1997,51.19016201
5/1/1997,51.17502527
6/1/1997,51.16269331
7/1/1997,51.15289888
8/1/1997,51.14433279
9/1/1997,51.1367191
10/1/1997,51.13006818
11/1/1997,51.12393163
12/1/1997,51.11836362
1/1/1998,51.11274182
2/1/1998,51.10725131
3/1/1998,51.10237283
4/1/1998,51.09695562
5/1/1998,51.09185133
6/1/1998,51.08666459
7/1/1998,51.08181151
8/1/1998,51.07707375
9/1/1998,51.07251734
10/1/1998,51.06822243
11/1/1998,51.06396793
12/1/1998,51.05997612
1/1/1999,51.05593749
2/1/1999,51.05198918
3/1/1999,51.04848881
4/1/1999,51.04469333
5/1/1999,51.04107877
6/1/1999,51.03736653
7/1/1999,51.03378381
8/1/1999,51.03008086
9/1/1999,51.02620041
10/1/1999,51.02224618
11/1/1999,51.01763357
12/1/1999,51.01181316
1/1/2000,51.00518252
2/1/2000,50.99723127
3/1/2000,50.9882019
4/1/2000,50.97694607
5/1/2000,50.96355174
6/1/2000,50.9477387
7/1/2000,50.93071889
8/1/2000,50.91194509
9/1/2000,50.89151102
10/1/2000,50.86996569
11/1/2000,50.80079498
12/1/2000,50.80997511
1/1/2001,50.78519605
2/1/2001,50.79995969
3/1/2001,50.77971772
4/1/2001,50.75746673
5/1/2001,50.70770077
6/1/2001,50.68630852
7/1/2001,50.70496439
8/1/2001,50.68422089
9/1/2001,50.69492603
10/1/2001,50.6753928
11/1/2001,50.69920547
12/1/2001,50.67917875
1/1/2002,50.65860303
2/1/2002,50.63931485
3/1/2002,50.62309728
4/1/2002,50.561926
5/1/2002,50.54520919
6/1/2002,50.52741893
7/1/2002,50.50967478
8/1/2002,50.49076833
9/1/2002,50.5018853
10/1/2002,50.47994839
11/1/2002,50.45442584
12/1/2002,50.39020419
1/1/2003,50.35920372
2/1/2003,50.29814998
3/1/2003,50.22649148
4/1/2003,50.18283551
5/1/2003,50.13527156
6/1/2003,50.08201844
7/1/2003,50.02749197
8/1/2003,49.96791451
9/1/2003,49.90620186
10/1/2003,49.84701974
11/1/2003,49.78907018
12/1/2003,49.73576955
1/1/2004,49.65259302
2/1/2004,49.60153359
3/1/2004,49.55240695
4/1/2004,49.50096714
5/1/2004,49.4784021
6/1/2004,49.43460582
7/1/2004,49.4093701
8/1/2004,49.36220931
9/1/2004,49.31608723
10/1/2004,49.31149998
11/1/2004,49.26570638
12/1/2004,49.25248315
1/1/2005,49.20679646
2/1/2005,49.16186433
3/1/2005,49.12438332
4/1/2005,49.08572801
5/1/2005,49.04930333
6/1/2005,49.0125379
7/1/2005,48.94643245
8/1/2005,48.91256121
9/1/2005,48.91211975
10/1/2005,48.88170309
11/1/2005,48.85190785
12/1/2005,48.82402232
1/1/2006,48.79660037
2/1/2006,48.7709272
3/1/2006,48.74864966
4/1/2006,48.7257199
5/1/2006,48.7050891
6/1/2006,48.68537074
7/1/2006,48.66779945
8/1/2006,48.68852766
9/1/2006,48.671825
10/1/2006,48.65618084
11/1/2006,48.64085625
12/1/2006,48.62072314
1/1/2007,48.60647984
2/1/2007,48.55499403
3/1/2007,48.54195515
4/1/2007,48.52713622
5/1/2007,48.51245542
6/1/2007,48.49645642
7/1/2007,48.48050333
8/1/2007,48.46360604
9/1/2007,48.44641682
10/1/2007,48.42984344
11/1/2007,48.4122204
12/1/2007,48.39544604
1/1/2008,48.4125169
2/1/2008,48.39360084
3/1/2008,48.37540533
4/1/2008,48.35552711
5/1/2008,48.30981574
6/1/2008,48.28967066
7/1/2008,48.33935988
8/1/2008,48.29177326
9/1/2008,48.26847344
10/1/2008,48.24461828
11/1/2008,48.21779812
12/1/2008,48.18913428
1/1/2009,48.15586733
2/1/2009,48.11829836
3/1/2009,48.08188363
4/1/2009,48.03828429
5/1/2009,47.99252048
6/1/2009,47.91547208
7/1/2009,47.82870222
8/1/2009,47.76497523
9/1/2009,47.68677537
10/1/2009,47.5867953
11/1/2009,47.50394565
12/1/2009,47.41770351
1/1/2010,47.32559181
2/1/2010,47.2320517
3/1/2010,47.1695054
4/1/2010,47.03980915
5/1/2010,46.95151098
6/1/2010,46.85946633
7/1/2010,46.77094093
8/1/2010,46.68779833
9/1/2010,46.61052615
10/1/2010,46.53950276
11/1/2010,46.44469722
12/1/2010,46.39097755
1/1/2011,46.34014484
2/1/2011,46.29607806
3/1/2011,46.26442179
4/1/2011,46.27710527
5/1/2011,46.25426281
6/1/2011,46.23124436
7/1/2011,46.20806234
8/1/2011,46.18237937
9/1/2011,46.15508598
10/1/2011,46.12680084
11/1/2011,46.09573683
12/1/2011,46.06315746
1/1/2012,46.02637049
2/1/2012,45.98262041
3/1/2012,45.93016957
4/1/2012,45.83049543
5/1/2012,45.75139856
6/1/2012,45.66479168
7/1/2012,45.57779685
8/1/2012,45.48429046
9/1/2012,45.38668351
10/1/2012,45.28920032
11/1/2012,45.18432188
12/1/2012,45.07897198
1/1/2013,44.9580359
2/1/2013,44.81849382
3/1/2013,44.70741257
4/1/2013,44.5443452
5/1/2013,44.41785596
6/1/2013,44.26271992
7/1/2013,44.09878029
8/1/2013,43.9775219
9/1/2013,43.89838484
10/1/2013,43.72196716
11/1/2013,43.55037862
12/1/2013,43.37421245
1/1/2014,43.18048545
2/1/2014,42.99906645
3/1/2014,42.80796718
4/1/2014,42.5094774
5/1/2014,42.25826752
6/1/2014,42.02265518
7/1/2014,41.79100603
8/1/2014,41.5865741
9/1/2014,41.42055192
10/1/2014,41.23732423
11/1/2014,41.01389705
12/1/2014,40.80165899
1/1/2015,40.58471555
2/1/2015,40.33727474
3/1/2015,40.14063025
4/1/2015,39.92032856
5/1/2015,39.70376514
6/1/2015,39.47550423
7/1/2015,39.22590523
8/1/2015,39.03341743
9/1/2015,38.8184197
10/1/2015,38.61460283
11/1/2015,38.35715607
12/1/2015,38.09985757
1/1/2016,37.8256749
2/1/2016,37.54437233
3/1/2016,37.27652589
4/1/2016,37.02289884
5/1/2016,36.74267696
6/1/2016,36.50258501
7/1/2016,36.12879393
8/1/2016,35.88491831
9/1/2016,35.61645649
10/1/2016,35.33224373
11/1/2016,35.13097986
12/1/2016,34.85663748
1/1/2017,34.63184135
2/1/2017,34.35057647
3/1/2017,34.16914857
4/1/2017,33.90329521
5/1/2017,33.75642046
6/1/2017,33.57900987
7/1/2017,33.40794335
8/1/2017,33.13587821
9/1/2017,32.94799891
10/1/2017,32.70098082
11/1/2017,32.49681436
12/1/2017,32.24828357
1/1/2018,32.03113092
2/1/2018,31.80974034
3/1/2018,31.58133061
4/1/2018,31.28571117
5/1/2018,31.08573095
6/1/2018,31.00548341
7/1/2018,30.83090155
8/1/2018,30.66269536
9/1/2018,30.50880219
10/1/2018,30.38058305
11/1/2018,30.1493949
12/1/2018,30.04082501
1/1/2019,30.00930418
2/1/2019,29.90379193
3/1/2019,29.81016026
4/1/2019,29.73986371
5/1/2019,29.63586474
6/1/2019,29.466666
7/1/2019,29.3574871
8/1/2019,29.24148019
9/1/2019,29.1212004
10/1/2019,29.00101244
11/1/2019,28.87259818
12/1/2019,28.7442226
1/1/2020,28.67232796
2/1/2020,28.52847283
3/1/2020,28.388178
4/1/2020,28.23164745
5/1/2020,28.07655541
6/1/2020,27.91211883
7/1/2020,27.74860278
8/1/2020,27.57493841
9/1/2020,27.34006481
10/1/2020,27.16293014
11/1/2020,27.04729696
12/1/2020,26.88792028
1/1/2021,26.69272239
2/1/2021,26.49361772
3/1/2021,26.31074305
4/1/2021,26.10462161
5/1/2021,25.90208691
6/1/2021,25.68995726
7/1/2021,25.48226256
8/1/2021,25.36565429
9/1/2021,25.14588541
10/1/2021,24.98292188
11/1/2021,24.72926342
12/1/2021,24.46428264
1/1/2022,24.23250517
2/1/2022,24.04491738
3/1/2022,23.82308776
4/1/2022,23.56478667
5/1/2022,23.29988551
6/1/2022,22.95426866
7/1/2022,22.65915304
8/1/2022,22.37364386
9/1/2022,22.05763761
10/1/2022,21.75974735
11/1/2022,21.4659516
12/1/2022,21.20129828
1/1/2023,20.95887716
2/1/2023,20.73530715
3/1/2023,20.54804199
4/1/2023,20.41612462
5/1/2023,20.17680168
6/1/2023,19.97952026
7/1/2023,19.76767586
8/1/2023,19.61063417
9/1/2023,19.45420482
10/1/2023,19.22499286
11/1/2023,19.07477537
12/1/2023,18.88769316
1/1/2024,18.7611066
2/1/2024,18.64202579
3/1/2024,18.53633421
4/1/2024,18.45055486
5/1/2024,18.43347669
6/1/2024,18.28869338
7/1/2024,18.20500329
8/1/2024,18.12227923
9/1/2024,18.03971892
10/1/2024,17.96524716
11/1/2024,17.96532274
12/1/2024,17.89440191
1/1/2025,17.82269199
2/1/2025,17.7080393
3/1/2025,17.64594449
4/1/2025,17.57838162
5/1/2025,17.55882455
6/1/2025,17.49328808
7/1/2025,17.50223963
8/1/2025,17.43831219
9/1/2025,17.37527036
10/1/2025,17.31505576
11/1/2025,17.25363742
12/1/2025,17.14509023
1/1/2026,17.08541671
2/1/2026,17.02646059
3/1/2026,16.97377767
4/1/2026,16.91612275
5/1/2026,16.86093833
6/1/2026,16.80454607
7/1/2026,16.75054498
8/1/2026,16.69533231
9/1/2026,16.64068647
10/1/2026,16.62433565
11/1/2026,16.57074621
12/1/2026,16.51936019
1/1/2027,16.4667502
2/1/2027,16.41461262
3/1/2027,16.36789467
4/1/2027,16.31661696
5/1/2027,16.26740152
6/1/2027,16.21697141
7/1/2027,16.16855753
8/1/2027,16.11893535
9/1/2027,16.06970861
10/1/2027,16.02243122
11/1/2027,15.97395438
12/1/2027,15.92738672
1/1/2028,15.87962825
2/1/2028,15.83222418
3/1/2028,15.78818318
4/1/2028,15.7414468
5/1/2028,15.69653274
6/1/2028,15.65045176
7/1/2028,15.60616125
8/1/2028,15.5607133
9/1/2028,15.47735765
10/1/2028,15.47053336
11/1/2028,15.42612938
12/1/2028,15.38343692
1/1/2029,15.40430722
2/1/2029,15.36057484
3/1/2029,15.32130748
4/1/2029,15.27811334
5/1/2029,15.23657099
6/1/2029,15.19391528
7/1/2029,15.15288552
8/1/2029,15.11075038
9/1/2029,15.06887301
10/1/2029,15.02858399
11/1/2029,14.98720154
12/1/2029,14.94738444
1/1/2030,14.90648309
2/1/2030,14.86582191
3/1/2030,14.82928952
4/1/2030,14.78907749
5/1/2030,14.75037934
6/1/2030,14.71061932
7/1/2030,14.67235241
8/1/2030,14.6330314
9/1/2030,14.59392862
10/1/2030,14.55628885
11/1/2030,14.47275616
12/1/2030,14.43555963
1/1/2031,14.39733071
2/1/2031,14.39733734
3/1/2031,14.36329508
4/1/2031,14.29144599
5/1/2031,14.25550317
6/1/2031,14.21855797
7/1/2031,14.18298606
8/1/2031,14.14642044
9/1/2031,14.1100452
10/1/2031,14.12957901
11/1/2031,14.0933832
12/1/2031,14.05853009
1/1/2032,14.02270016
2/1/2032,13.9547167
3/1/2032,13.92165735
4/1/2032,13.88649591
5/1/2032,13.85263346
6/1/2032,13.76710328
7/1/2032,13.73361028
8/1/2032,13.69917128
9/1/2032,13.66490097
10/1/2032,13.6318927
11/1/2032,13.59794962
12/1/2032,13.5652549
1/1/2033,13.53163252
2/1/2033,13.49817058
3/1/2033,13.46807656
4/1/2033,13.43491543
5/1/2033,13.40296988
6/1/2033,13.3701137
7/1/2033,13.33846049
8/1/2033,13.30590348
9/1/2033,13.27349654
10/1/2033,13.24227441
11/1/2033,13.21015916
12/1/2033,13.1792171
1/1/2034,13.14738892
2/1/2034,13.11570465
3/1/2034,13.08720302
4/1/2034,13.05578891
5/1/2034,12.97673733
6/1/2034,12.94562316
7/1/2034,12.9156417
8/1/2034,12.88479724
9/1/2034,12.85408776
10/1/2034,12.82449411
11/1/2034,12.79404636
12/1/2034,12.80734472
1/1/2035,12.7771035
2/1/2035,12.78453056
3/1/2035,12.75741593
4/1/2035,12.72752229
5/1/2035,12.6697852
6/1/2035,12.64023543
7/1/2035,12.57354353
8/1/2035,12.54423329
9/1/2035,12.57299102
10/1/2035,12.54469681
11/1/2035,12.51557752
12/1/2035,12.48750711
1/1/2036,12.45861684
2/1/2036,12.4298413
3/1/2036,12.44483717
4/1/2036,12.41640074
5/1/2036,12.3889861
6/1/2036,12.36076831
7/1/2036,12.33356392
8/1/2036,12.30556237
9/1/2036,12.27766971
10/1/2036,12.25077809
11/1/2036,12.22309742
12/1/2036,12.19640935
1/1/2037,12.16893714
2/1/2037,12.14156945
3/1/2037,12.1169349
4/1/2037,12.08976392
5/1/2037,12.06356513
6/1/2037,12.03659446
7/1/2037,12.01058804
8/1/2037,11.98381459
9/1/2037,11.95714014
10/1/2037,11.93141811
11/1/2037,11.90493601
12/1/2037,11.87939857
1/1/2038,11.85310568
2/1/2038,11.82690789
3/1/2038,11.80332242
4/1/2038,11.77730369
5/1/2038,11.75221148
6/1/2038,11.72637529
7/1/2038,11.70145843
8/1/2038,11.67580203
9/1/2038,11.65023611
10/1/2038,11.62557972
11/1/2038,11.60019254
12/1/2038,11.57570876
1/1/2039,11.55049812
2/1/2039,11.52537587
3/1/2039,11.50275634
4/1/2039,11.47780021
5/1/2039,11.45372989
6/1/2039,11.42894278
7/1/2039,11.36459792
8/1/2039,11.33996398
9/1/2039,11.31541662
10/1/2039,11.29173882
11/1/2039,11.26735418
12/1/2039,11.24383281
1/1/2040,11.21960877
2/1/2040,11.1954656
3/1/2040,11.17295046
4/1/2040,11.14896251
5/1/2040,11.12582272
6/1/2040,11.10199045
7/1/2040,11.07900034
8/1/2040,11.05532183
9/1/2040,10.98528623
10/1/2040,10.96258152
11/1/2040,10.93919673
12/1/2040,10.91663774
1/1/2041,10.89340261
2/1/2041,10.87024278
3/1/2041,10.84938525
4/1/2041,10.82636732
5/1/2041,10.80416107
6/1/2041,10.781288
7/1/2041,10.75922106
8/1/2041,10.73649101
9/1/2041,10.71383295
10/1/2041,10.69197277
11/1/2041,10.66945493
12/1/2041,10.64772951
1/1/2042,10.62534996
2/1/2042,10.60304002
3/1/2042,10.54185247
4/1/2042,10.5195877
5/1/2042,10.49810512
6/1/2042,10.4759743
7/1/2042,10.45462052
8/1/2042,10.432622
9/1/2042,10.41069015
10/1/2042,10.38952785
11/1/2042,10.36772602
12/1/2042,10.34668888
1/1/2043,10.32501572
2/1/2043,10.30340744
3/1/2043,10.28394299
4/1/2043,10.26245732
5/1/2043,10.24172458
6/1/2043,10.22036426
7/1/2043,10.19975218
8/1/2043,10.17851592
9/1/2043,10.15734224
10/1/2043,10.13690986
11/1/2043,10.11585832
12/1/2043,10.05224856
1/1/2044,10.03123151
2/1/2044,10.05710277
3/1/2044,10.03764249
4/1/2044,10.01690033
5/1/2044,9.996883352
6/1/2044,9.976258665
7/1/2044,9.956354693
8/1/2044,9.935846062
9/1/2044,9.915395876
10/1/2044,9.895659829
11/1/2044,9.875323703
12/1/2044,9.855697366
1/1/2045,9.835473936
2/1/2045,9.815307431
3/1/2045,9.797138745
4/1/2045,9.777079787
5/1/2045,9.757720408
6/1/2045,9.73777146
7/1/2045,9.718517938
8/1/2045,9.69867777
9/1/2045,9.639553948
10/1/2045,9.659683503
11/1/2045,9.639892565
12/1/2045,9.620790757
1/1/2046,9.601106138
2/1/2046,9.581475221
3/1/2046,9.563787777
4/1/2046,9.544258451
5/1/2046,9.525408673
6/1/2046,9.50598327
7/1/2046,9.487233645
8/1/2046,9.467911267
9/1/2046,9.448640905
10/1/2046,9.43004064
11/1/2046,9.410871828
12/1/2046,9.392369334
1/1/2047,9.37330103
2/1/2047,9.354283375
3/1/2047,9.337147247
4/1/2047,9.318225239
5/1/2047,9.3371974
6/1/2047,9.31819911
7/1/2047,9.299860267
8/1/2047,9.280959642
9/1/2047,9.262108342
10/1/2047,9.243911191
11/1/2047,9.225156413
12/1/2047,9.207052258
1/1/2048,9.18839311
2/1/2048,9.169782219
3/1/2048,9.152414071
4/1/2048,9.133895888
5/1/2048,9.116019574
6/1/2048,9.097594695
7/1/2048,9.079808269
8/1/2048,9.061475816
9/1/2048,9.043189962
10/1/2048,9.025537413
11/1/2048,9.00734262
12/1/2048,8.989777771
1/1/2049,8.971673135
2/1/2049,8.953614038
3/1/2049,8.937339619
4/1/2049,8.919366694
5/1/2049,8.902015625
6/1/2049,8.884130892
7/1/2049,8.866864735
8/1/2049,8.891850584
9/1/2049,8.831227019
10/1/2049,8.81405768
11/1/2049,8.796359817
12/1/2049,8.779273694
1/1/2050,8.761661442
2/1/2050,8.744092422
3/1/2050,8.687316304
4/1/2050,8.669897047
5/1/2050,8.653079628
6/1/2050,8.635744094
7/1/2050,8.619007396
8/1/2050,8.562541567
9/1/2050,8.545397848
10/1/2050,8.528846264
11/1/2050,8.511784497
12/1/2050,8.495311787
1/1/2051,8.478331111
2/1/2051,8.461391407
3/1/2051,8.446124317
4/1/2051,8.429262114
5/1/2051,8.375488863
6/1/2051,8.358771757
7/1/2051,8.342631549
8/1/2051,8.325993344
9/1/2051,8.30939493
10/1/2051,8.29336901
11/1/2051,8.276848268
12/1/2051,8.260897154
1/1/2052,8.244453373
2/1/2052,8.228048499
3/1/2052,8.212735965
4/1/2052,8.228438331
5/1/2052,8.247424232
6/1/2052,8.231087678
7/1/2052,8.215313946
8/1/2052,8.199052496
9/1/2052,8.182828907
10/1/2052,8.167163957
11/1/2052,8.151014358
12/1/2052,8.135420673
1/1/2053,8.119344323
2/1/2053,8.103304883
3/1/2053,8.088847615
4/1/2053,8.072877926
5/1/2053,8.057457526
6/1/2053,8.041559429
7/1/2053,8.071004647
8/1/2053,8.019406738
9/1/2053,8.003562919
10/1/2053,7.988263801
11/1/2053,7.972490441
12/1/2053,7.957259219
1/1/2054,7.941555745
2/1/2054,7.925887588
3/1/2054,7.863016851
4/1/2054,7.847341014
5/1/2054,7.832203586
6/1/2054,7.816596398
7/1/2054,7.801525164
8/1/2054,7.785986095
9/1/2054,7.770481392
10/1/2054,7.75550888
11/1/2054,7.79279306
12/1/2054,7.777958917
1/1/2055,7.762663965
2/1/2055,7.747402544
3/1/2055,7.733645283
4/1/2055,7.718447286
5/1/2055,7.70377053
6/1/2055,7.725789237
7/1/2055,7.711080816
8/1/2055,7.69591498
9/1/2055,7.680781862
10/1/2055,7.666167412
11/1/2055,7.651098235
12/1/2055,7.63654541
1/1/2056,7.621539695
2/1/2056,7.606566102
3/1/2056,7.592586581
4/1/2056,7.577674912
5/1/2056,7.56327408
6/1/2056,7.54842494
7/1/2056,7.452286548
8/1/2056,7.437486759
9/1/2056,7.42271855
10/1/2056,7.408456134
11/1/2056,7.393749526
12/1/2056,7.379546381
1/1/2057,7.364900618
2/1/2057,7.350285545
3/1/2057,7.337109776
4/1/2057,7.322552777
5/1/2057,7.30849381
6/1/2057,7.293996528
7/1/2057,7.279995141
8/1/2057,7.26555711
9/1/2057,7.251149008
10/1/2057,7.237233617
11/1/2057,7.222884093
12/1/2057,7.20902516
1/1/2058,7.194733702
2/1/2058,7.180471536
3/1/2058,7.167613391
4/1/2058,7.153406667
5/1/2058,7.173809578
6/1/2058,7.15957023
7/1/2058,7.145817281
8/1/2058,7.131634672
9/1/2058,7.117480697
10/1/2058,7.103810012
11/1/2058,7.08971203
12/1/2058,7.07609527
1/1/2059,7.062052777
2/1/2059,7.048038339
3/1/2059,7.035402944
4/1/2059,7.061894501
5/1/2059,7.04831434
6/1/2059,7.034309458
7/1/2059,7.020782469
8/1/2059,7.006832354
9/1/2059,6.992909905
10/1/2059,6.979462372
11/1/2059,6.965594023
12/1/2059,6.95219856
1/1/2060,6.938383714
2/1/2060,6.92459594
3/1/2060,6.911721291
4/1/2060,6.897985581
5/1/2060,6.884718017
6/1/2060,6.871034896
7/1/2060,6.857818063
8/1/2060,6.844187174
9/1/2060,6.830582678
10/1/2060,6.817441644
11/1/2060,6.803888726
12/1/2060,6.790797372
1/1/2061,6.745385693
