datetime,Mean CH - layer 3 (Pliocene)
1/1/1927,130.6218156
2/1/1927,130.6299892
3/1/1927,130.1385446
4/1/1927,130.0574931
5/1/1927,129.7253951
6/1/1927,129.0937526
7/1/1927,128.7059268
8/1/1927,128.1616993
9/1/1927,127.7163449
10/1/1927,127.176972
11/1/1927,126.7751665
12/1/1927,126.3579373
1/1/1928,125.98213
2/1/1928,125.4278349
3/1/1928,125.1708267
4/1/1928,124.7875974
5/1/1928,124.628419
6/1/1928,124.4992285
7/1/1928,124.1635429
8/1/1928,123.6144453
9/1/1928,123.5426736
10/1/1928,123.3433835
11/1/1928,123.2293986
12/1/1928,122.9787002
1/1/1929,122.8138653
2/1/1929,122.6748888
3/1/1929,122.7847308
4/1/1929,122.8739199
5/1/1929,122.6410292
6/1/1929,122.5480733
7/1/1929,122.4605194
8/1/1929,122.3843217
9/1/1929,122.2710218
10/1/1929,122.1045957
11/1/1929,122.0410969
12/1/1929,121.9963758
1/1/1930,121.9573124
2/1/1930,121.9377448
3/1/1930,121.925736
4/1/1930,121.9076677
5/1/1930,121.9075322
6/1/1930,121.8797778
7/1/1930,121.9489586
8/1/1930,121.9426313
9/1/1930,121.8312861
10/1/1930,121.8157003
11/1/1930,121.7796821
12/1/1930,121.7359788
1/1/1931,121.7237182
2/1/1931,121.7277052
3/1/1931,121.7218536
4/1/1931,121.8013722
5/1/1931,121.8265734
6/1/1931,121.7855504
7/1/1931,121.7024964
8/1/1931,121.6770162
9/1/1931,121.671079
10/1/1931,121.5814089
11/1/1931,121.640791
12/1/1931,121.6402401
1/1/1932,121.6290345
2/1/1932,121.6288387
3/1/1932,121.6284918
4/1/1932,121.6281646
5/1/1932,121.6868466
6/1/1932,121.6107359
7/1/1932,121.6718003
8/1/1932,121.6717085
9/1/1932,121.6716253
10/1/1932,121.6715525
11/1/1932,121.6714843
12/1/1932,121.5951929
1/1/1933,121.595135
2/1/1933,121.5947873
3/1/1933,121.594623
4/1/1933,121.5123204
5/1/1933,121.5034691
6/1/1933,121.5029491
7/1/1933,121.5029037
8/1/1933,121.5022889
9/1/1933,121.5012002
10/1/1933,121.5068833
11/1/1933,121.5727918
12/1/1933,121.5533876
1/1/1934,121.5358567
2/1/1934,121.5284617
3/1/1934,121.4573064
4/1/1934,121.3800788
5/1/1934,121.2661068
6/1/1934,121.1838051
7/1/1934,121.0884908
8/1/1934,120.9310551
9/1/1934,120.7453258
10/1/1934,120.5865443
11/1/1934,120.4999801
12/1/1934,120.4840465
1/1/1935,120.460779
2/1/1935,120.4839007
3/1/1935,120.4361382
4/1/1935,120.3152528
5/1/1935,120.0786381
6/1/1935,119.9570297
7/1/1935,119.8405616
8/1/1935,119.734499
9/1/1935,119.7517476
10/1/1935,119.6231206
11/1/1935,119.5005231
12/1/1935,119.4156652
1/1/1936,119.3642349
2/1/1936,119.3519732
3/1/1936,119.3448605
4/1/1936,119.3147639
5/1/1936,119.2905016
6/1/1936,119.2566139
7/1/1936,119.2448549
8/1/1936,119.2274193
9/1/1936,119.214139
10/1/1936,119.1727318
11/1/1936,119.1198345
12/1/1936,119.0430279
1/1/1937,118.965401
2/1/1937,118.9236358
3/1/1937,118.8822221
4/1/1937,118.8239375
5/1/1937,118.7904269
6/1/1937,118.7496459
7/1/1937,118.7114298
8/1/1937,118.680684
9/1/1937,118.6533652
10/1/1937,118.6301655
11/1/1937,118.6275536
12/1/1937,118.6140664
1/1/1938,118.6028917
2/1/1938,118.5842873
3/1/1938,118.5680437
4/1/1938,118.5511211
5/1/1938,118.5352722
6/1/1938,118.5190711
7/1/1938,118.5042246
8/1/1938,118.4897679
9/1/1938,118.4784759
10/1/1938,118.4662527
11/1/1938,118.4632871
12/1/1938,118.4569332
1/1/1939,118.4552744
2/1/1939,118.4544904
3/1/1939,118.4539667
4/1/1939,118.4535288
5/1/1939,118.4530953
6/1/1939,118.4526364
7/1/1939,118.4521818
8/1/1939,118.4517007
9/1/1939,118.4512079
10/1/1939,118.4507253
11/1/1939,118.4502151
12/1/1939,118.4497102
1/1/1940,118.4491764
2/1/1940,118.5085261
3/1/1940,118.5081492
4/1/1940,118.5075143
5/1/1940,118.506878
6/1/1940,118.5063826
7/1/1940,118.5052472
8/1/1940,118.5020278
9/1/1940,118.4985775
10/1/1940,118.4939704
11/1/1940,118.4926107
12/1/1940,118.4886309
1/1/1941,118.4854089
2/1/1941,118.482377
3/1/1941,118.4768795
4/1/1941,118.4738863
5/1/1941,118.4706267
6/1/1941,118.4670152
7/1/1941,118.4642771
8/1/1941,118.4615654
9/1/1941,118.4661712
10/1/1941,118.4623372
11/1/1941,118.4560706
12/1/1941,118.4510156
1/1/1942,118.498425
2/1/1942,118.3522647
3/1/1942,118.3430396
4/1/1942,118.340739
5/1/1942,118.3389236
6/1/1942,118.3366023
7/1/1942,118.2658021
8/1/1942,118.2638981
9/1/1942,118.2618493
10/1/1942,118.2597953
11/1/1942,118.2579873
12/1/1942,118.2562469
1/1/1943,118.2547534
2/1/1943,118.2532733
3/1/1943,118.2545692
4/1/1943,118.2523043
5/1/1943,118.2501212
6/1/1943,118.2479465
7/1/1943,118.2461481
8/1/1943,118.2439205
9/1/1943,118.241719
10/1/1943,118.2397673
11/1/1943,118.2378615
12/1/1943,118.238327
1/1/1944,118.236846
2/1/1944,118.2354108
3/1/1944,118.2340932
4/1/1944,118.2326893
5/1/1944,118.231331
6/1/1944,118.2299221
7/1/1944,118.2285423
8/1/1944,118.2292157
9/1/1944,118.227776
10/1/1944,118.2263736
11/1/1944,118.2249057
12/1/1944,118.2234592
1/1/1945,118.2220071
2/1/1945,118.2205418
3/1/1945,118.2192028
4/1/1945,118.2176948
5/1/1945,118.2162007
6/1/1945,118.2146348
7/1/1945,118.2130931
8/1/1945,118.2114731
9/1/1945,118.2098256
10/1/1945,118.2082053
11/1/1945,118.2065021
12/1/1945,118.2048301
1/1/1946,118.2030845
2/1/1946,118.2013099
3/1/1946,118.1996833
4/1/1946,118.1978531
5/1/1946,118.196054
6/1/1946,118.194165
7/1/1946,118.1923086
8/1/1946,118.1903599
9/1/1946,118.1883803
10/1/1946,118.1864356
11/1/1946,118.1843947
12/1/1946,118.1823901
1/1/1947,118.1802869
2/1/1947,118.1753987
3/1/1947,118.1734436
4/1/1947,118.1712465
5/1/1947,118.2352486
6/1/1947,118.2328516
7/1/1947,118.2304998
8/1/1947,118.2280348
9/1/1947,118.2919207
10/1/1947,118.285724
11/1/1947,118.2821419
12/1/1947,118.2786298
1/1/1948,118.2749521
2/1/1948,118.2712264
3/1/1948,118.2697286
4/1/1948,118.2659111
5/1/1948,118.2621737
6/1/1948,118.2582682
7/1/1948,118.2544498
8/1/1948,118.2504642
9/1/1948,118.3100673
10/1/1948,118.3060546
11/1/1948,118.3018705
12/1/1948,118.2341057
1/1/1949,118.2298337
2/1/1949,118.2255252
3/1/1949,118.2216035
4/1/1949,118.2172243
5/1/1949,118.2129508
6/1/1949,118.2104858
7/1/1949,118.2034396
8/1/1949,118.1989065
9/1/1949,118.1943324
10/1/1949,118.1898667
11/1/1949,118.1852097
12/1/1949,118.1806625
1/1/1950,118.1759199
2/1/1950,118.1711332
3/1/1950,118.1667733
4/1/1950,118.1619011
5/1/1950,118.154524
6/1/1950,118.1495623
7/1/1950,118.1465916
8/1/1950,118.1389428
9/1/1950,118.1338442
10/1/1950,118.1288667
11/1/1950,118.1236768
12/1/1950,118.1186108
1/1/1951,118.1133294
2/1/1951,118.1080018
3/1/1951,118.1031532
4/1/1951,118.0327488
5/1/1951,118.0274276
6/1/1951,118.0218925
7/1/1951,118.0165048
8/1/1951,118.0109091
9/1/1951,118.0052887
10/1/1951,117.9998287
11/1/1951,117.9941741
12/1/1951,117.9887452
1/1/1952,117.9169002
2/1/1952,117.9115163
3/1/1952,117.9069533
4/1/1952,117.9021092
5/1/1952,117.8973121
6/1/1952,117.8922659
7/1/1952,117.8873314
8/1/1952,117.8825115
9/1/1952,117.8776576
10/1/1952,117.9316422
11/1/1952,117.9268477
12/1/1952,117.9221517
1/1/1953,117.9169979
2/1/1953,117.9117567
3/1/1953,117.9069777
4/1/1953,117.9015048
5/1/1953,117.9624169
6/1/1953,117.9567347
7/1/1953,117.951209
8/1/1953,117.9454924
9/1/1953,117.9397674
10/1/1953,117.934311
11/1/1953,117.9286281
12/1/1953,117.9230854
1/1/1954,117.9173126
2/1/1954,117.911503
3/1/1954,117.9062566
4/1/1954,117.9005052
5/1/1954,117.8948976
6/1/1954,117.8890874
7/1/1954,117.8835228
8/1/1954,117.8777671
9/1/1954,117.8719885
10/1/1954,117.8663768
11/1/1954,117.860556
12/1/1954,117.7958976
1/1/1955,117.789945
2/1/1955,117.7839839
3/1/1955,117.7785924
4/1/1955,117.7726398
5/1/1955,117.767033
6/1/1955,117.7612618
7/1/1955,117.8148603
8/1/1955,117.8093657
9/1/1955,117.8046111
10/1/1955,117.8007391
11/1/1955,117.7983773
12/1/1955,117.7968365
1/1/1956,117.7954729
2/1/1956,117.7939964
3/1/1956,117.7924159
4/1/1956,117.7907519
5/1/1956,117.7894466
6/1/1956,117.7885014
7/1/1956,117.7878509
8/1/1956,117.787423
9/1/1956,117.7871168
10/1/1956,117.7869081
11/1/1956,117.7867594
12/1/1956,117.7866892
1/1/1957,117.7866427
2/1/1957,117.786601
3/1/1957,117.7865582
4/1/1957,117.7865071
5/1/1957,117.786458
6/1/1957,117.7864077
7/1/1957,117.7863594
8/1/1957,117.7863097
9/1/1957,117.7862276
10/1/1957,117.7860907
11/1/1957,117.7859445
12/1/1957,117.785773
1/1/1958,117.7855955
2/1/1958,117.785419
3/1/1958,117.7852595
4/1/1958,117.7850819
5/1/1958,117.7848802
6/1/1958,117.7846354
7/1/1958,117.7842842
8/1/1958,117.7836798
9/1/1958,117.7827273
10/1/1958,117.7812823
11/1/1958,117.7791659
12/1/1958,117.7760164
1/1/1959,117.7720481
2/1/1959,117.7674384
3/1/1959,117.7629418
4/1/1959,117.7577544
5/1/1959,117.7526858
6/1/1959,117.7472215
7/1/1959,117.741856
8/1/1959,117.7362492
9/1/1959,117.7305929
10/1/1959,117.7249558
11/1/1959,117.7190784
12/1/1959,117.7133718
1/1/1960,117.7075401
2/1/1960,117.7019972
3/1/1960,117.6970906
4/1/1960,117.6918595
5/1/1960,117.6866341
6/1/1960,117.6811303
7/1/1960,117.6774822
8/1/1960,117.6717548
9/1/1960,117.6658032
10/1/1960,117.6598164
11/1/1960,117.6502926
12/1/1960,117.6444126
1/1/1961,117.6363476
2/1/1961,117.6278649
3/1/1961,117.6207414
4/1/1961,117.6134755
5/1/1961,117.6069455
6/1/1961,117.5998353
7/1/1961,117.5929986
8/1/1961,117.5856578
9/1/1961,117.5781845
10/1/1961,117.5692661
11/1/1961,117.5619184
12/1/1961,117.55493
1/1/1962,117.5478541
2/1/1962,117.540642
3/1/1962,117.5339227
4/1/1962,117.5267208
5/1/1962,117.5195967
6/1/1962,117.512034
7/1/1962,117.5090094
8/1/1962,117.5011585
9/1/1962,117.4929176
10/1/1962,117.4822585
11/1/1962,117.4736896
12/1/1962,117.4649473
1/1/1963,117.4527472
2/1/1963,117.4359673
3/1/1963,117.3536542
4/1/1963,117.288288
5/1/1963,117.2117549
6/1/1963,117.1790331
7/1/1963,117.1484776
8/1/1963,117.1193886
9/1/1963,117.0725281
10/1/1963,117.0201263
11/1/1963,116.870203
12/1/1963,116.7240458
1/1/1964,116.6698464
2/1/1964,116.656049
3/1/1964,116.6411964
4/1/1964,116.6304284
5/1/1964,116.6025565
6/1/1964,116.5584102
7/1/1964,116.4458828
8/1/1964,116.4178431
9/1/1964,116.4039757
10/1/1964,116.3950636
11/1/1964,116.3843685
12/1/1964,116.3760568
1/1/1965,116.3675662
2/1/1965,116.3588841
3/1/1965,116.3506918
4/1/1965,116.3416234
5/1/1965,116.3328904
6/1/1965,116.3242267
7/1/1965,116.3157654
8/1/1965,116.3066308
9/1/1965,116.3589435
10/1/1965,116.3513503
11/1/1965,116.3447424
12/1/1965,116.3313789
1/1/1966,116.3243478
2/1/1966,116.3104795
3/1/1966,116.3034369
4/1/1966,116.2954231
5/1/1966,116.287641
6/1/1966,116.279571
7/1/1966,116.2710112
8/1/1966,116.2627635
9/1/1966,116.2545007
10/1/1966,116.245667
11/1/1966,116.234408
12/1/1966,116.2270702
1/1/1967,116.2180504
2/1/1967,116.2127494
3/1/1967,116.1987009
4/1/1967,116.1874345
5/1/1967,116.168747
6/1/1967,116.2252537
7/1/1967,116.2126239
8/1/1967,116.0132089
9/1/1967,115.7126431
10/1/1967,115.5029559
11/1/1967,115.3930858
12/1/1967,115.3848892
1/1/1968,115.3763905
2/1/1968,115.3678631
3/1/1968,115.3598608
4/1/1968,115.3512784
5/1/1968,115.3429486
6/1/1968,115.2035204
7/1/1968,115.1950736
8/1/1968,115.1863086
9/1/1968,115.1775186
10/1/1968,115.2344987
11/1/1968,115.2248579
12/1/1968,115.2155532
1/1/1969,115.2059934
2/1/1969,115.1966216
3/1/1969,115.1225482
4/1/1969,115.114354
5/1/1969,115.107436
6/1/1969,115.1011571
7/1/1969,115.0955616
8/1/1969,115.0894284
9/1/1969,115.0824143
10/1/1969,115.074878
11/1/1969,115.0667015
12/1/1969,115.0585217
1/1/1970,115.0498051
2/1/1970,115.0410103
3/1/1970,115.0330306
4/1/1970,115.0241647
5/1/1970,115.0155138
6/1/1970,115.0065421
7/1/1970,114.9977594
8/1/1970,114.9886265
9/1/1970,114.9794122
10/1/1970,114.970444
11/1/1970,114.9611498
12/1/1970,114.9526431
1/1/1971,114.9468636
2/1/1971,114.9457568
3/1/1971,114.9457568
4/1/1971,114.9457567
5/1/1971,114.9457567
6/1/1971,114.9457567
7/1/1971,114.9457567
8/1/1971,114.9457567
9/1/1971,114.9451384
10/1/1971,114.9442907
11/1/1971,114.9434153
12/1/1971,114.9425747
1/1/1972,114.941834
2/1/1972,114.941834
3/1/1972,114.941834
4/1/1972,114.941834
5/1/1972,114.941834
6/1/1972,114.941834
7/1/1972,114.9418203
8/1/1972,114.9410395
9/1/1972,114.9402482
10/1/1972,114.939474
11/1/1972,114.9386086
12/1/1972,114.9376378
1/1/1973,114.9369581
2/1/1973,114.9369581
3/1/1973,114.9369581
4/1/1973,114.9369581
5/1/1973,114.9369581
6/1/1973,114.9369581
7/1/1973,114.9369581
8/1/1973,114.9369581
9/1/1973,114.9369581
10/1/1973,114.9368082
11/1/1973,114.9360541
12/1/1973,114.9353548
1/1/1974,114.9353548
2/1/1974,114.9353548
3/1/1974,114.9353548
4/1/1974,114.9353548
5/1/1974,114.9353548
6/1/1974,114.9353548
7/1/1974,114.9353548
8/1/1974,114.9353548
9/1/1974,114.9350642
10/1/1974,114.9338131
11/1/1974,114.9330547
12/1/1974,114.9323128
1/1/1975,114.931628
2/1/1975,114.931628
3/1/1975,114.931628
4/1/1975,114.931628
5/1/1975,114.931628
6/1/1975,114.931628
7/1/1975,114.931628
8/1/1975,114.931628
9/1/1975,114.9312695
10/1/1975,114.9305803
11/1/1975,114.9298027
12/1/1975,114.9288383
1/1/1976,114.9283744
2/1/1976,114.9280284
3/1/1976,114.9280284
4/1/1976,114.9280284
5/1/1976,114.9280284
6/1/1976,114.9280284
7/1/1976,114.9280284
8/1/1976,114.9267815
9/1/1976,114.9190693
10/1/1976,114.8618865
11/1/1976,114.8422494
12/1/1976,114.8398601
1/1/1977,114.9006559
2/1/1977,114.8944591
3/1/1977,114.8916497
4/1/1977,114.8910711
5/1/1977,114.8906843
6/1/1977,114.8894169
7/1/1977,114.8850077
8/1/1977,114.8069704
9/1/1977,114.6278431
10/1/1977,114.5153028
11/1/1977,114.4548384
12/1/1977,114.4462074
1/1/1978,114.4371491
2/1/1978,114.4280371
3/1/1978,114.4197424
4/1/1978,114.4110852
5/1/1978,114.4039319
6/1/1978,114.4020177
7/1/1978,114.4013644
8/1/1978,114.4003132
9/1/1978,114.3986561
10/1/1978,114.3946607
11/1/1978,114.3874593
12/1/1978,114.37917
1/1/1979,114.3708047
2/1/1979,114.3643375
3/1/1979,114.3627647
4/1/1979,114.3626634
5/1/1979,114.3626634
6/1/1979,114.3626634
7/1/1979,114.3626634
8/1/1979,114.3626634
9/1/1979,114.3621279
10/1/1979,114.361497
11/1/1979,114.3607064
12/1/1979,114.3595109
1/1/1980,114.3576457
2/1/1980,114.3560236
3/1/1980,114.3549905
4/1/1980,114.3548145
5/1/1980,114.3548145
6/1/1980,114.3548145
7/1/1980,114.3548145
8/1/1980,114.3546519
9/1/1980,114.3540221
10/1/1980,114.3533212
11/1/1980,114.3516325
12/1/1980,114.3485685
1/1/1981,114.3427343
2/1/1981,114.2715398
3/1/1981,114.2668687
4/1/1981,114.2657469
5/1/1981,114.2657412
6/1/1981,114.2657412
7/1/1981,114.2655335
8/1/1981,114.2649423
9/1/1981,114.3285642
10/1/1981,114.3266552
11/1/1981,114.3243292
12/1/1981,114.3189028
1/1/1982,114.3113007
2/1/1982,114.3033236
3/1/1982,114.2981902
4/1/1982,114.2971579
5/1/1982,114.2971112
6/1/1982,114.2971111
7/1/1982,114.297111
8/1/1982,114.2971109
9/1/1982,114.2965018
10/1/1982,114.295747
11/1/1982,114.2886742
12/1/1982,114.2874443
1/1/1983,114.2858349
2/1/1983,114.2843961
3/1/1983,114.2837963
4/1/1983,114.283607
5/1/1983,114.2835015
6/1/1983,114.2833962
7/1/1983,114.2833159
8/1/1983,114.2832542
9/1/1983,114.2832099
10/1/1983,114.2831696
11/1/1983,114.2831165
12/1/1983,114.2830606
1/1/1984,114.2829956
2/1/1984,114.2829152
3/1/1984,114.2828357
4/1/1984,114.2827519
5/1/1984,114.2826723
6/1/1984,114.2825972
7/1/1984,114.2825444
8/1/1984,114.2825061
9/1/1984,114.282469
10/1/1984,114.2824314
11/1/1984,114.2823753
12/1/1984,114.2819138
1/1/1985,114.2814058
2/1/1985,114.2808417
3/1/1985,114.2802957
4/1/1985,114.2797294
5/1/1985,114.2792108
6/1/1985,114.2787025
7/1/1985,114.2782153
8/1/1985,114.2776904
9/1/1985,114.277157
10/1/1985,114.2766192
11/1/1985,114.2760496
12/1/1985,114.2755963
1/1/1986,114.2752262
2/1/1986,114.2749475
3/1/1986,114.2746996
4/1/1986,114.2744156
5/1/1986,114.274134
6/1/1986,114.2738356
7/1/1986,114.273543
8/1/1986,114.2732411
9/1/1986,114.2729399
10/1/1986,114.2726452
11/1/1986,114.2723341
12/1/1986,114.2720289
1/1/1987,114.2717095
2/1/1987,114.2713863
3/1/1987,114.2710909
4/1/1987,114.27076
5/1/1987,114.2704376
6/1/1987,114.2701039
7/1/1987,114.2697814
8/1/1987,114.2694495
9/1/1987,114.2691193
10/1/1987,114.2688018
11/1/1987,114.2684763
12/1/1987,114.268164
1/1/1988,114.2678444
2/1/1988,114.2675284
3/1/1988,114.2672362
4/1/1988,114.2669276
5/1/1988,114.2666323
6/1/1988,114.2662731
7/1/1988,114.2658546
8/1/1988,114.2654187
9/1/1988,114.2650059
10/1/1988,114.2646814
11/1/1988,114.2644091
12/1/1988,114.2641664
1/1/1989,114.2639349
2/1/1989,114.2638254
3/1/1989,114.2638254
4/1/1989,114.2638254
5/1/1989,114.2638254
6/1/1989,114.2638254
7/1/1989,114.2638254
8/1/1989,114.2638254
9/1/1989,114.2638254
10/1/1989,114.2638254
11/1/1989,114.2638254
12/1/1989,114.2638254
1/1/1990,114.2638254
2/1/1990,114.2638254
3/1/1990,114.2638254
4/1/1990,114.2638254
5/1/1990,114.2638254
6/1/1990,114.2638254
7/1/1990,114.2638254
8/1/1990,114.2638254
9/1/1990,114.2638254
10/1/1990,114.2638254
11/1/1990,114.2638254
12/1/1990,114.2638254
1/1/1991,114.2638254
2/1/1991,114.2638254
3/1/1991,114.2638254
4/1/1991,114.2638254
5/1/1991,114.2638254
6/1/1991,114.2638254
7/1/1991,114.2638254
8/1/1991,114.2638254
9/1/1991,114.2638254
10/1/1991,114.2638254
11/1/1991,114.2638254
12/1/1991,114.2638254
1/1/1992,114.2638254
2/1/1992,114.2638254
3/1/1992,114.2638254
4/1/1992,114.2638254
5/1/1992,114.2638254
6/1/1992,114.2638254
7/1/1992,114.2638254
8/1/1992,114.2638254
9/1/1992,114.2638254
10/1/1992,114.2638254
11/1/1992,114.2638254
12/1/1992,114.2638254
1/1/1993,114.2638254
2/1/1993,114.2638254
3/1/1993,114.2638254
4/1/1993,114.2638254
5/1/1993,114.2638254
6/1/1993,114.2638254
7/1/1993,114.2636928
8/1/1993,114.2634766
9/1/1993,114.2632578
10/1/1993,114.2630613
11/1/1993,114.2630613
12/1/1993,114.2630613
1/1/1994,114.2630613
2/1/1994,114.2630613
3/1/1994,114.2630613
4/1/1994,114.2630613
5/1/1994,114.2630613
6/1/1994,114.2630613
7/1/1994,114.2630613
8/1/1994,114.2630613
9/1/1994,114.2630613
10/1/1994,114.2630613
11/1/1994,114.2630613
12/1/1994,114.2630613
1/1/1995,114.2630613
2/1/1995,114.2630007
3/1/1995,114.2628317
4/1/1995,114.2623373
5/1/1995,114.2618485
6/1/1995,114.2612228
7/1/1995,114.2606799
8/1/1995,114.2602546
9/1/1995,114.2598857
10/1/1995,114.2595727
11/1/1995,114.2594126
12/1/1995,114.2592741
1/1/1996,114.2591677
2/1/1996,114.2590755
3/1/1996,114.2589893
4/1/1996,114.2588971
5/1/1996,114.2588083
6/1/1996,114.2587171
7/1/1996,114.2586298
8/1/1996,114.2585408
9/1/1996,114.258453
10/1/1996,114.2583693
11/1/1996,114.258284
12/1/1996,114.2582024
1/1/1997,114.258119
2/1/1997,114.2580366
3/1/1997,114.2579634
4/1/1997,114.2578836
5/1/1997,114.2578076
6/1/1997,114.2577294
7/1/1997,114.2576536
8/1/1997,114.2575752
9/1/1997,114.2574967
10/1/1997,114.2574207
11/1/1997,114.2572651
12/1/1997,114.2570766
1/1/1998,114.2567409
2/1/1998,114.2563702
3/1/1998,114.2560309
4/1/1998,114.2556452
5/1/1998,114.2552582
6/1/1998,114.2548409
7/1/1998,114.2543835
8/1/1998,114.2537781
9/1/1998,114.2529719
10/1/1998,114.2520641
11/1/1998,114.2509029
12/1/1998,114.2495432
1/1/1999,114.248037
2/1/1999,114.2463393
3/1/1999,114.2445284
4/1/1999,114.2422537
5/1/1999,114.2398234
6/1/1999,114.23714
7/1/1999,114.2344534
8/1/1999,114.231673
9/1/1999,114.2289387
10/1/1999,114.2263022
11/1/1999,114.2235196
12/1/1999,114.2205564
1/1/2000,114.2171707
2/1/2000,114.2135975
3/1/2000,114.2102688
4/1/2000,114.2069696
5/1/2000,114.1403405
6/1/2000,114.138094
7/1/2000,114.1364791
8/1/2000,114.1352859
9/1/2000,114.1343988
10/1/2000,114.1336928
11/1/2000,114.133105
12/1/2000,114.1326685
1/1/2001,114.1323227
2/1/2001,114.132012
3/1/2001,114.1317465
4/1/2001,114.1314578
5/1/2001,114.1311726
6/1/2001,114.1308776
7/1/2001,114.1306187
8/1/2001,114.1304023
9/1/2001,114.1302227
10/1/2001,114.130039
11/1/2001,114.1298362
12/1/2001,114.1296152
1/1/2002,114.129368
2/1/2002,114.1291097
3/1/2002,114.1287988
4/1/2002,114.1283198
5/1/2002,114.1277277
6/1/2002,114.12703
7/1/2002,114.1260165
8/1/2002,114.1249483
9/1/2002,114.1238868
10/1/2002,114.12261
11/1/2002,114.1211921
12/1/2002,114.1198254
1/1/2003,114.1183821
2/1/2003,114.1169024
3/1/2003,114.115523
4/1/2003,114.1137416
5/1/2003,114.1118613
6/1/2003,114.1098905
7/1/2003,114.1078934
8/1/2003,114.105587
9/1/2003,114.103247
10/1/2003,114.100881
11/1/2003,114.0982569
12/1/2003,114.0954235
1/1/2004,114.092219
2/1/2004,114.0886861
3/1/2004,114.0850907
4/1/2004,114.080433
5/1/2004,114.0752661
6/1/2004,114.0693192
7/1/2004,114.0631422
8/1/2004,114.0562045
9/1/2004,114.0490153
10/1/2004,114.0419842
11/1/2004,114.0346247
12/1/2004,114.0274659
1/1/2005,114.0200819
2/1/2005,114.0128926
3/1/2005,114.0064684
4/1/2005,113.9995216
5/1/2005,113.9928996
6/1/2005,113.9859997
7/1/2005,113.8533164
8/1/2005,113.8463705
9/1/2005,113.8392838
10/1/2005,113.8323557
11/1/2005,113.8252453
12/1/2005,113.8184043
1/1/2006,113.8114504
2/1/2006,113.8048796
3/1/2006,113.7992035
4/1/2006,113.793226
5/1/2006,113.7876341
6/1/2006,113.7817747
7/1/2006,113.7759131
8/1/2006,113.7697921
9/1/2006,113.7636711
10/1/2006,113.7577324
11/1/2006,113.7515556
12/1/2006,113.7455961
1/1/2007,113.7395434
2/1/2007,113.7336596
3/1/2007,113.7285555
4/1/2007,113.7233997
5/1/2007,113.7191546
6/1/2007,113.7155453
7/1/2007,113.7123706
8/1/2007,113.7090905
9/1/2007,113.7055702
10/1/2007,113.7017333
11/1/2007,113.6974422
12/1/2007,113.692774
1/1/2008,113.6876691
2/1/2008,113.6821433
3/1/2008,113.6766716
4/1/2008,113.6706834
5/1/2008,113.6647932
6/1/2008,113.6586404
7/1/2008,113.652618
8/1/2008,113.6462993
9/1/2008,113.6399085
10/1/2008,113.6336682
11/1/2008,113.6271637
12/1/2008,113.6208196
1/1/2009,113.6142135
2/1/2009,113.6075586
3/1/2009,113.6015093
4/1/2009,113.5947672
5/1/2009,113.5882057
6/1/2009,113.581391
7/1/2009,113.5746459
8/1/2009,113.5676312
9/1/2009,113.5605807
10/1/2009,113.5537476
11/1/2009,113.5467775
12/1/2009,113.5400318
1/1/2010,113.5330724
2/1/2010,113.5261497
3/1/2010,113.5199408
4/1/2010,113.5132045
5/1/2010,113.5069596
6/1/2010,113.5009652
7/1/2010,113.4956113
8/1/2010,113.490564
9/1/2010,113.4858835
10/1/2010,113.4815283
11/1/2010,113.4768861
12/1/2010,113.4721554
1/1/2011,113.4670133
2/1/2011,113.4618239
3/1/2011,113.4569855
4/1/2011,113.4513881
5/1/2011,113.4457728
6/1/2011,113.4398847
7/1/2011,113.4342284
8/1/2011,113.4284744
9/1/2011,113.4226708
10/1/2011,113.4170243
11/1/2011,113.4112079
12/1/2011,113.4055614
1/1/2012,113.3995285
2/1/2012,113.3933092
3/1/2012,113.3874178
4/1/2012,113.38107
5/1/2012,113.374882
6/1/2012,113.368442
7/1/2012,113.3621686
8/1/2012,113.3556331
9/1/2012,113.3490464
10/1/2012,113.3426365
11/1/2012,113.3359764
12/1/2012,113.3294977
1/1/2013,113.3227674
2/1/2013,113.3160013
3/1/2013,113.3098608
4/1/2013,113.3029992
5/1/2013,113.2963242
6/1/2013,113.2893888
7/1/2013,113.282641
8/1/2013,113.2756289
9/1/2013,113.2685766
10/1/2013,113.2617136
11/1/2013,113.2545806
12/1/2013,113.247639
1/1/2014,113.2404248
2/1/2014,113.2331694
3/1/2014,113.2265828
4/1/2014,113.2192497
5/1/2014,113.2121153
6/1/2014,113.2047029
7/1/2014,113.1974924
8/1/2014,113.1900021
9/1/2014,113.1824728
10/1/2014,113.1751502
11/1/2014,113.1675453
12/1/2014,113.1601503
1/1/2015,113.1524718
2/1/2015,113.144757
3/1/2015,113.1377599
4/1/2015,113.1299783
5/1/2015,113.1224158
6/1/2015,113.1145676
7/1/2015,113.1069417
8/1/2015,113.0990291
9/1/2015,113.0910844
10/1/2015,113.0833663
11/1/2015,113.0753597
12/1/2015,113.0675822
1/1/2016,113.0595145
2/1/2016,113.0514162
3/1/2016,113.0438135
4/1/2016,113.0356559
5/1/2016,113.027733
6/1/2016,113.0807569
7/1/2016,113.07297
8/1/2016,113.0648937
9/1/2016,113.0567875
10/1/2016,113.048915
11/1/2016,113.0407503
12/1/2016,113.0328213
1/1/2017,113.0245985
2/1/2017,113.0163463
3/1/2017,113.0088687
4/1/2017,113.0005607
5/1/2017,112.9924933
6/1/2017,112.9841278
7/1/2017,112.976005
8/1/2017,112.9675824
9/1/2017,112.9591308
10/1/2017,112.9509248
11/1/2017,112.8763481
12/1/2017,112.8680615
1/1/2018,112.85947
2/1/2018,112.8508499
3/1/2018,112.8430407
4/1/2018,112.8343663
5/1/2018,112.8259454
6/1/2018,112.8172156
7/1/2018,112.813467
8/1/2018,112.5942501
9/1/2018,112.2950082
10/1/2018,112.0620815
11/1/2018,111.9121404
12/1/2018,111.8173443
1/1/2019,111.8145157
2/1/2019,111.8055686
3/1/2019,111.7974652
4/1/2019,111.7884669
5/1/2019,111.7797413
6/1/2019,111.7707282
7/1/2019,111.7619841
8/1/2019,111.7529246
9/1/2019,111.7438409
10/1/2019,111.7406832
11/1/2019,111.7100826
12/1/2019,111.7012216
1/1/2020,111.69204
2/1/2020,111.6828333
3/1/2020,111.67423
4/1/2020,111.6652982
5/1/2020,111.6566571
6/1/2020,111.6479235
7/1/2020,111.6390225
8/1/2020,111.5743385
9/1/2020,111.3784438
10/1/2020,111.1254696
11/1/2020,110.9872361
12/1/2020,110.9403111
1/1/2021,110.9958253
2/1/2021,110.9868797
3/1/2021,110.9787844
4/1/2021,110.9698028
5/1/2021,110.961093
6/1/2021,110.9520737
7/1/2021,110.9433271
8/1/2021,110.7945191
9/1/2021,110.2953198
10/1/2021,109.753114
11/1/2021,109.4139404
12/1/2021,109.2457433
1/1/2022,109.2321616
2/1/2022,109.2229335
3/1/2022,109.2145815
4/1/2022,109.2053136
5/1/2022,109.1963249
6/1/2022,109.1870152
7/1/2022,109.1334661
8/1/2022,108.9463333
9/1/2022,108.5937335
10/1/2022,108.3625298
11/1/2022,108.1630703
12/1/2022,108.0217305
1/1/2023,107.9547852
2/1/2023,107.9453013
3/1/2023,108.0059895
4/1/2023,107.9964924
5/1/2023,107.9872801
6/1/2023,107.9777375
7/1/2023,107.9684808
8/1/2023,107.9588918
9/1/2023,107.9492791
10/1/2023,107.9389665
11/1/2023,107.9293064
12/1/2023,107.919935
1/1/2024,107.9102268
2/1/2024,107.9004937
3/1/2024,107.8913668
4/1/2024,107.8815852
5/1/2024,107.8720955
6/1/2024,107.8622639
7/1/2024,107.8527253
8/1/2024,107.8816358
9/1/2024,107.7679811
10/1/2024,107.6411496
11/1/2024,107.4408061
12/1/2024,107.2477736
1/1/2025,107.1919651
2/1/2025,107.0745988
3/1/2025,106.9813378
4/1/2025,106.8741333
5/1/2025,106.7695569
6/1/2025,106.6760282
7/1/2025,106.5852429
8/1/2025,106.4907514
9/1/2025,106.4091648
10/1/2025,106.3409642
11/1/2025,106.263677
12/1/2025,106.2030946
1/1/2026,106.1259402
2/1/2026,106.0743246
3/1/2026,105.9620851
4/1/2026,105.9152969
5/1/2026,105.8724574
6/1/2026,105.8372372
7/1/2026,105.7985692
8/1/2026,105.7606583
9/1/2026,105.7205614
10/1/2026,105.6875152
11/1/2026,105.6549626
12/1/2026,105.6248423
1/1/2027,105.5950795
2/1/2027,105.5721662
3/1/2027,105.5471779
4/1/2027,105.5311148
5/1/2027,105.5023777
6/1/2027,105.4774295
7/1/2027,105.4540991
8/1/2027,105.430794
9/1/2027,105.4082314
10/1/2027,105.3916858
11/1/2027,105.3747517
12/1/2027,105.3543965
1/1/2028,105.3339183
2/1/2028,105.3139535
3/1/2028,105.2956938
4/1/2028,105.3497779
5/1/2028,105.3316184
6/1/2028,105.3132361
7/1/2028,105.2957818
8/1/2028,105.281774
9/1/2028,105.267835
10/1/2028,105.2510035
11/1/2028,105.2338791
12/1/2028,105.2175403
1/1/2029,105.2008856
2/1/2029,105.184442
3/1/2029,105.1697493
4/1/2029,105.0822247
5/1/2029,105.069948
6/1/2029,105.054007
7/1/2029,105.0387129
8/1/2029,105.0230384
9/1/2029,104.9363932
10/1/2029,104.9213895
11/1/2029,104.9758076
12/1/2029,104.9610381
1/1/2030,104.945857
2/1/2030,104.9307469
3/1/2030,104.9171517
4/1/2030,104.9021562
5/1/2030,104.887691
6/1/2030,104.8727868
7/1/2030,104.8583979
8/1/2030,104.8435605
9/1/2030,104.8287486
10/1/2030,104.8144337
11/1/2030,104.7996571
12/1/2030,104.7853681
1/1/2031,104.7706108
2/1/2031,104.7578479
3/1/2031,104.7445159
4/1/2031,104.7297522
5/1/2031,104.7154584
6/1/2031,104.7006777
7/1/2031,104.6863606
8/1/2031,104.6715486
9/1/2031,104.6567148
10/1/2031,104.6444575
11/1/2031,104.6295094
12/1/2031,104.6150186
1/1/2032,104.6000156
2/1/2032,104.5849824
3/1/2032,104.570891
4/1/2032,104.5557935
5/1/2032,104.5430709
6/1/2032,104.5278443
7/1/2032,104.5130736
8/1/2032,104.4977702
9/1/2032,104.4824229
10/1/2032,104.4675322
11/1/2032,104.4521008
12/1/2032,104.4371255
1/1/2033,104.4216055
2/1/2033,104.406039
3/1/2033,104.3919398
4/1/2033,104.3762806
5/1/2033,104.3610788
6/1/2033,104.3453172
7/1/2033,104.3300138
8/1/2033,104.3141451
9/1/2033,104.2982196
10/1/2033,104.2827533
11/1/2033,104.2667133
12/1/2033,104.2511351
1/1/2034,104.1536157
2/1/2034,104.0570596
3/1/2034,104.0422553
4/1/2034,104.0257995
5/1/2034,104.0098118
6/1/2034,103.9932236
7/1/2034,103.9771065
8/1/2034,103.9603834
9/1/2034,103.9435917
10/1/2034,103.9272769
11/1/2034,103.9103483
12/1/2034,103.8939009
1/1/2035,103.876834
2/1/2035,103.8596948
3/1/2035,103.8441547
4/1/2035,103.8268767
5/1/2035,103.8100878
6/1/2035,103.7926662
7/1/2035,103.6939285
8/1/2035,103.6763645
9/1/2035,103.6587252
10/1/2035,103.6415834
11/1/2035,103.623794
12/1/2035,103.6065062
1/1/2036,103.5885633
2/1/2036,103.5705417
3/1/2036,103.5536138
4/1/2036,103.5354386
5/1/2036,103.5177742
6/1/2036,103.4994398
7/1/2036,103.481621
8/1/2036,103.4631273
9/1/2036,103.4445523
10/1/2036,103.4265001
11/1/2036,103.3218334
12/1/2036,103.3035378
1/1/2037,103.2845486
2/1/2037,103.2654756
3/1/2037,103.2481796
4/1/2037,103.2289458
5/1/2037,103.2102523
6/1/2037,103.1908501
7/1/2037,103.2605889
8/1/2037,103.2423554
9/1/2037,103.224036
10/1/2037,103.2062266
11/1/2037,103.1877364
12/1/2037,103.1697607
1/1/2038,103.1510985
2/1/2038,103.1323484
3/1/2038,103.1153409
4/1/2038,103.0964226
5/1/2038,103.0780309
6/1/2038,103.1436792
7/1/2038,103.1252182
8/1/2038,103.1060534
9/1/2038,103.0867989
10/1/2038,103.0680816
11/1/2038,103.0486518
12/1/2038,103.0297647
1/1/2039,103.0101582
2/1/2039,102.9904613
3/1/2039,102.9725963
4/1/2039,102.9536206
5/1/2039,102.9342871
6/1/2039,102.9142182
7/1/2039,102.8947114
8/1/2039,102.8744632
9/1/2039,102.8541235
10/1/2039,102.8343542
11/1/2039,102.8138342
12/1/2039,102.7938898
1/1/2040,102.7731882
2/1/2040,102.752394
3/1/2040,102.7328604
4/1/2040,102.7118866
5/1/2040,102.6915023
6/1/2040,102.6703454
7/1/2040,102.6497836
8/1/2040,102.6284429
9/1/2040,102.6070088
10/1/2040,102.5861783
11/1/2040,102.5645598
12/1/2040,102.5435507
1/1/2041,102.5217472
2/1/2041,102.4998497
3/1/2041,102.4799944
4/1/2041,102.4579175
5/1/2041,102.5400573
6/1/2041,102.5185506
7/1/2041,102.4976498
8/1/2041,102.4759582
9/1/2041,102.4541726
10/1/2041,102.4330015
11/1/2041,102.4110304
12/1/2041,102.3896798
1/1/2042,102.3675231
2/1/2042,102.345272
3/1/2042,102.3250971
4/1/2042,102.3026661
5/1/2042,102.28087
6/1/2042,102.2582523
7/1/2042,102.2362751
8/1/2042,102.2134694
9/1/2042,102.1905682
10/1/2042,102.1683157
11/1/2042,102.1452259
12/1/2042,102.1227918
1/1/2043,102.0995157
2/1/2043,102.0761455
3/1/2043,102.0549588
4/1/2043,102.0314074
5/1/2043,102.008527
6/1/2043,101.9847894
7/1/2043,101.9617295
8/1/2043,101.9378086
9/1/2043,101.9137929
10/1/2043,101.8904626
11/1/2043,101.8662615
12/1/2043,101.8427537
1/1/2044,101.8183685
2/1/2044,101.7938893
3/1/2044,101.7709072
4/1/2044,101.746246
5/1/2044,101.7222923
6/1/2044,101.6974458
7/1/2044,101.6733133
8/1/2044,101.6482829
9/1/2044,101.6231589
10/1/2044,101.5987577
11/1/2044,101.5734497
12/1/2044,101.5488705
1/1/2045,101.5233787
2/1/2045,101.4977937
3/1/2045,101.5936948
4/1/2045,101.5684234
5/1/2045,101.5438805
6/1/2045,101.5184268
7/1/2045,101.4937077
8/1/2045,101.4680723
9/1/2045,101.4423449
10/1/2045,101.4173611
11/1/2045,101.3914527
12/1/2045,101.366294
1/1/2046,101.3402051
2/1/2046,101.3140247
3/1/2046,101.2903032
4/1/2046,101.2639491
5/1/2046,101.2383599
6/1/2046,101.2118266
7/1/2046,101.1860642
8/1/2046,101.1593522
9/1/2046,101.1325497
10/1/2046,101.1065271
11/1/2046,101.0795468
12/1/2046,101.0533525
1/1/2047,101.0261951
2/1/2047,100.998948
3/1/2047,100.9742648
4/1/2047,100.9468475
5/1/2047,100.920231
6/1/2047,100.8926382
7/1/2047,100.8658522
8/1/2047,100.8380847
9/1/2047,100.8102286
10/1/2047,100.7831883
11/1/2047,100.7551586
12/1/2047,100.7279506
1/1/2048,100.6997476
2/1/2048,100.6714574
3/1/2048,100.6449159
4/1/2048,100.6164566
5/1/2048,100.5888338
6/1/2048,100.5602036
7/1/2048,100.5324159
8/1/2048,100.5036156
9/1/2048,100.4747292
10/1/2048,100.4466942
11/1/2048,100.417639
12/1/2048,100.3894409
1/1/2049,100.3602177
2/1/2049,100.3309093
3/1/2049,100.3043681
4/1/2049,100.4104824
5/1/2049,100.3822356
6/1/2049,100.3529632
7/1/2049,100.3245564
8/1/2049,100.295119
9/1/2049,100.265598
10/1/2049,100.2369513
11/1/2049,100.2072667
12/1/2049,100.1784621
1/1/2050,100.1486146
2/1/2050,100.1186849
3/1/2050,100.0915845
4/1/2050,100.0614986
5/1/2050,100.0323068
6/1/2050,100.0020605
7/1/2050,99.97271377
8/1/2050,99.94230788
9/1/2050,99.91182128
10/1/2050,99.88224275
11/1/2050,99.85159803
12/1/2050,99.82186694
1/1/2051,99.79106505
2/1/2051,99.76018368
3/1/2051,99.73222619
4/1/2051,99.70119423
5/1/2051,99.67108955
6/1/2051,99.63990287
7/1/2051,99.60964893
8/1/2051,99.57830851
9/1/2051,99.54689036
10/1/2051,99.51641311
11/1/2051,99.48484273
12/1/2051,99.45421866
1/1/2052,99.42249705
2/1/2052,99.390699
3/1/2052,99.47326761
4/1/2052,99.44119553
5/1/2052,99.410087
6/1/2052,99.37786596
7/1/2052,99.34661376
8/1/2052,99.3142448
9/1/2052,99.28180109
10/1/2052,99.25033417
11/1/2052,99.21774412
12/1/2052,99.18613608
1/1/2053,99.15340074
2/1/2053,99.12059197
3/1/2053,99.09089855
4/1/2053,99.05795078
5/1/2053,99.0259978
6/1/2053,98.99290736
7/1/2053,98.96081683
8/1/2053,98.9275848
9/1/2053,98.89428122
10/1/2053,98.86198519
11/1/2053,98.82854163
12/1/2053,98.79611066
1/1/2054,98.7625282
2/1/2054,98.72887557
3/1/2054,98.69842259
4/1/2054,98.66463717
5/1/2054,98.63187662
6/1/2054,98.59795498
7/1/2054,98.56506311
8/1/2054,98.53100632
9/1/2054,98.49688126
10/1/2054,98.46379335
11/1/2054,98.42953478
12/1/2054,98.39631819
1/1/2055,98.36192722
2/1/2055,98.32746937
3/1/2055,98.29629181
4/1/2055,98.26170746
5/1/2055,98.22817687
6/1/2055,98.19346281
7/1/2055,98.1598072
8/1/2055,98.12496452
9/1/2055,98.0900569
10/1/2055,98.05621477
11/1/2055,98.02118017
12/1/2055,97.98721569
1/1/2056,97.95205523
2/1/2056,97.91683121
3/1/2056,97.88382434
4/1/2056,97.84847812
5/1/2056,97.81421336
6/1/2056,97.778744
7/1/2056,97.74436059
8/1/2056,97.70876918
9/1/2056,97.67311615
10/1/2056,97.63855579
11/1/2056,97.60278237
12/1/2056,97.568106
1/1/2057,97.53221325
2/1/2057,97.49626029
3/1/2057,97.46373772
4/1/2057,97.42767092
5/1/2057,97.3927119
6/1/2057,97.35652847
7/1/2057,97.32145711
8/1/2057,97.28515812
9/1/2057,97.24880084
10/1/2057,97.21356203
11/1/2057,97.17709083
12/1/2057,97.01758986
1/1/2058,96.98072066
2/1/2058,96.94379415
3/1/2058,96.91095632
4/1/2058,96.74677581
5/1/2058,96.71060452
6/1/2058,96.67317108
7/1/2058,96.63689256
8/1/2058,96.59934886
9/1/2058,96.56174956
10/1/2058,96.5253113
11/1/2058,96.48760338
12/1/2058,96.45106054
1/1/2059,96.41324509
2/1/2059,96.37537542
3/1/2059,96.34112651
4/1/2059,96.30315438
5/1/2059,96.26635712
6/1/2059,96.22828014
7/1/2059,96.19138191
8/1/2059,96.15320114
9/1/2059,96.11496803
10/1/2059,96.07791949
11/1/2059,96.03958421
12/1/2059,96.00243729
1/1/2060,95.96400091
2/1/2060,95.92551354
3/1/2060,95.88946483
4/1/2060,95.85087957
5/1/2060,95.813492
6/1/2060,95.77480827
7/1/2060,95.7373259
8/1/2060,95.69854475
9/1/2060,95.65971449
10/1/2060,95.62209108
11/1/2060,95.58316498
12/1/2060,95.54544931
1/1/2061,95.50642841
